variable,run,value
x1,0,28.199713858393885
x1,1,0.7093709819499853
x1,2,-3.9590946355519123
x1,3,-0.7566882851538049
x1,4,-1.4708111984961925
x1,5,3.828039483620866
x1,6,3.4607347114459106
x1,7,-1.4204493269767389
x1,8,0.6566913916858667
x1,9,4.248335475337995
x1,10,0.14812108277794503
x1,11,-3.3839589624318913
x1,12,-0.5893783484625974
x1,13,1.2534302156783896
x1,14,1.8646702677785738
x1,15,0.48093622121052376
x1,16,-5.340735624432326
x1,17,0.3528375269234084
x1,18,4.659016517378665
x1,19,-1.1499536158504375
x1,20,1.0965887293185035
x1,21,-3.5022016025522156
x1,22,1.540682234512189
x1,23,0.3569238764479427
x1,24,-1.3370806610717283
x1,25,-1.0111533784349078
x1,26,3.540833692836361
x1,27,-3.588633798702765
x1,28,2.469632984763917
x1,29,-6.589469209074425
x1,30,-3.468096347891707
x1,31,1.1493464087395777
x1,32,2.530349065387086
x1,33,-0.16478807749706773
x1,34,1.573704306522878
x1,35,-1.9018375815878517
x1,36,1.703700960945834
x1,37,2.4627430402534323
x1,38,-4.946328589066436
x1,39,1.536833183630384
x1,40,5.4805996456855475
x1,41,0.8737423949418942
x1,42,5.993338920275276
x1,43,-0.1690430970248028
x1,44,-0.6494406865724794
x1,45,3.017918849410607
x1,46,2.569308513249878
x1,47,-0.11279706766795271
x1,48,1.3695565809003805
x1,49,0.207969334916538
x1,50,-3.156375758542893
x1,51,1.4684554787962298
x1,52,2.1078582804716492
x1,53,-0.31968170477854474
x1,54,0.41885819787429096
x1,55,5.475995514485663
x1,56,-1.6589009087812727
x1,57,-0.5087397978554724
x1,58,-1.667613303903161
x1,59,-0.4366613764799321
x1,60,-3.804683883081306
x1,61,1.8019282176238354
x1,62,-0.018702075869597896
x1,63,-3.6501310534581246
x1,64,3.2908680691579826
x1,65,2.869098427037156
x1,66,1.5251536854447212
x1,67,5.364100137398009
x1,68,-2.5872927294828605
x1,69,-1.197740853929863
x1,70,4.338861997403467
x1,71,-0.12306205850692803
x1,72,2.7054345258648844
x1,73,2.0658451170740295
x1,74,2.823121695664792
x1,75,-1.7025914657986947
x1,76,2.6328192800602923
x1,77,1.3246057913958902
x1,78,-0.6879752704557671
x1,79,2.080565266242632
x1,80,-5.305909643968389
x1,81,-4.088655523097654
x1,82,0.424301059940527
x1,83,1.6482551504225516
x1,84,0.23072789146790962
x1,85,0.7434449116729462
x1,86,-0.6563919122642285
x1,87,-0.02354761201280584
x1,88,-1.0753424735716788
x1,89,0.5638032074800402
x1,90,-2.6291459512139697
x1,91,-0.7385140556085077
x1,92,-1.7338301136600918
x1,93,-1.857924244418914
x1,94,2.665507518142723
x1,95,4.502909342778056
x1,96,0.9214729910418228
x1,97,-0.10044707781182413
x1,98,-0.37831395474463575
x1,99,2.192151710536032
x1,100,1.0025053635664165
x1,101,3.8766999800693798
x1,102,-0.8080911780368966
x1,103,-4.240717647174458
x1,104,0.5584408516892158
x1,105,-4.087006705821295
x1,106,0.6826798250285168
x1,107,0.9766879599180899
x1,108,1.308013030218628
x1,109,-6.321641493899727
x1,110,1.6165616663847344
x1,111,-5.81955759578028
x1,112,-2.1132740031733426
x1,113,0.11554919164047638
x1,114,-0.21300665208566674
x1,115,-2.3419809992811587
x1,116,2.631843828975886
x1,117,0.626432052578478
x1,118,7.731271848761319
x1,119,0.5125846665502738
x1,120,-3.426704798235367
x1,121,0.4283108068907469
x1,122,-0.4023330308084518
x1,123,1.2851946504914262
x1,124,-2.79549843440199
x1,125,3.485262610441874
x1,126,1.8768398753333426
x1,127,3.113343726158271
x1,128,1.1879547777080401
x1,129,-0.6451528149763415
x1,130,-0.4774995927367218
x1,131,2.88167467853626
x1,132,-1.3611065813444436
x1,133,3.0394057225217064
x1,134,-0.20121145762269596
x1,135,1.9327376872993536
x1,136,0.2776420478365803
x1,137,1.4908786403991157
x1,138,-1.3209547685790477
x1,139,3.8297498118658733
x1,140,0.29683388206169425
x1,141,1.461793806836768
x1,142,0.24298549377469655
x1,143,-1.1481317517150684
x1,144,-2.3161805395312833
x1,145,-3.9126941036653724
x1,146,1.3521164555710898
x1,147,-2.2624726495179486
x1,148,-0.3061072055578138
x1,149,5.016785634614197
x1,150,-1.8079805931947706
x1,151,4.011988652868176
x1,152,2.1154016192255196
x1,153,-1.510116739866117
x1,154,-2.9032994738982882
x1,155,-5.842269386794881
x1,156,-3.5559977603266506
x1,157,-3.7653622447782893
x1,158,-1.6388919392027514
x1,159,1.430984165554296
x1,160,1.6644329616828566
x1,161,0.35835007110787515
x1,162,-2.7415542966525854
x1,163,2.80218056453693
x1,164,0.4533677283124601
x1,165,-1.0925134601888506
x1,166,-0.5546945291355061
x1,167,-3.332094670057416
x1,168,1.2766183652078176
x1,169,6.139770241782267
x1,170,-1.9100993936806359
x1,171,-1.8428132388792313
x1,172,-3.2141699011504725
x1,173,-0.8853682720895317
x1,174,0.14254597245566641
x1,175,1.6384956762607776
x1,176,-3.8456027665504435
x1,177,2.154901594796702
x1,178,-4.141315913536461
x1,179,-2.2877944355311155
x1,180,0.008781356155105759
x1,181,-5.384361393766111
x1,182,0.7250367690077975
x1,183,-3.0103304101801545
x1,184,3.22412213460653
x1,185,4.912115240975857
x1,186,-1.269898545091516
x1,187,-2.791370935502862
x1,188,-0.5381827668142477
x1,189,3.561911488397892
x1,190,0.8212049113668338
x1,191,-4.003936677841928
x1,192,-1.4130233655978535
x1,193,2.5052440839877135
x1,194,-3.942083125710386
x1,195,0.8718429199057985
x1,196,2.4156098714498664
x1,197,-0.7831165536613776
x1,198,-3.740160175727909
x1,199,2.058524953060894
x1,200,2.631139200286914
x1,201,2.7657324880489504
x1,202,2.1487233293554264
x1,203,3.9778437087669754
x1,204,2.6767296504882965
x1,205,-5.0904276584110475
x1,206,-2.5957472114921263
x1,207,0.6808868742498274
x1,208,-2.650813600192501
x1,209,-0.5127109581134011
x1,210,2.3374500298316727
x1,211,-0.5798427512704002
x1,212,-3.862031041162058
x1,213,-0.6286801093436326
x1,214,4.147481022782631
x1,215,-0.3991126518267414
x1,216,-0.5145575141239518
x1,217,-2.865341865598735
x1,218,2.3037929763226086
x1,219,3.51468350983026
x1,220,2.447746727778886
x1,221,-1.581108620108432
x1,222,-2.3899791695445116
x1,223,-1.0506199584839504
x1,224,-2.7430959351699165
x1,225,-5.7188379136735605
x1,226,-1.2152819322914823
x1,227,2.8777948935153046
x1,228,-5.194085555980487
x1,229,2.4648961225482
x1,230,3.767391110728927
x1,231,-1.1328619670407087
x1,232,1.1111112062161173
x1,233,0.333051761022061
x1,234,-2.5612304640925863
x1,235,-0.9004327158961866
x1,236,1.9436612190865328
x1,237,3.089198503772337
x1,238,1.6732988273678668
x1,239,2.6039961562378333
x1,240,-3.1237983458714513
x1,241,-2.17621357704489
x1,242,0.7282901948898975
x1,243,2.711226751584038
x1,244,-3.819644119753025
x1,245,-2.107046611014941
x1,246,3.6954773520148962
x1,247,1.3860269382005383
x1,248,-2.999502401020675
x1,249,9.693153181723396
x1,250,4.465341108553584
x1,251,0.8517240280586323
x1,252,2.752691175550121
x1,253,-0.3519377090172526
x1,254,-0.1986167605522796
x1,255,1.6546485723131272
x1,256,2.3011764522415525
x1,257,-2.29819923570312
x1,258,0.6784093833642095
x1,259,1.588615290029173
x1,260,-5.757886188877449
x1,261,-5.350104609702199
x1,262,-0.5693486960972324
x1,263,1.414979108746515
x1,264,5.420938144128268
x1,265,-3.609273478950029
x1,266,-5.500886375986993
x1,267,2.538982316588037
x1,268,-1.6872812705061975
x1,269,-4.641843141247039
x1,270,0.549797008706525
x1,271,2.571178769146426
x1,272,-0.47535621539260653
x1,273,-3.0355217175065863
x1,274,2.561372426960066
x1,275,1.5770297764702284
x1,276,0.318843325788925
x1,277,-3.7815889362423913
x1,278,-0.4980019105334909
x1,279,-3.6449316062397723
x1,280,-0.5041870795080272
x1,281,2.590789052251597
x1,282,-3.4891759951965944
x1,283,-2.090064134324713
x1,284,-1.2446763366445346
x1,285,3.0233995969322662
x1,286,3.6858254499312424
x1,287,-0.7092505206802339
x1,288,1.9443781212097215
x1,289,-4.595062881292946
x1,290,2.3064759862396764
x1,291,-0.6213450716266681
x1,292,-2.994439920456411
x1,293,0.2684407572575359
x1,294,-1.6664309779809077
x1,295,-0.9447930082833277
x1,296,1.946670775389204
x1,297,-0.7279569334785803
x1,298,1.8576434483171933
x1,299,1.9495063092689826
x1,300,-1.8408212058432898
x1,301,-1.0786124218246513
x1,302,2.064377085854436
x1,303,3.1690961186740227
x1,304,-0.18360004527267637
x1,305,-0.24915603460465013
x1,306,-1.4711224345933065
x1,307,2.327123161212002
x1,308,-1.038092822638925
x1,309,-3.330593185491722
x1,310,-4.22680017343812
x1,311,-1.0214830448402274
x1,312,-0.595592743958021
x1,313,5.3620176574241825
x1,314,-2.007391373664184
x1,315,-0.9598155251562162
x1,316,3.9524540865871005
x1,317,0.8693404742638561
x1,318,4.977625897912762
x1,319,-1.9508926167168625
x1,320,0.17861513650334773
x1,321,4.607414671580645
x1,322,-0.43997833051023894
x1,323,-0.47036010448920623
x1,324,-1.0669934953498286
x1,325,1.2847455133065244
x1,326,-2.3769709984221086
x1,327,-2.2846496122917093
x1,328,-2.3292237488852936
x1,329,1.8652345271078736
x1,330,-0.9205064319202956
x1,331,-1.5919671881897492
x1,332,-0.27390291850020987
x1,333,6.206275300661723
x1,334,0.7974968164059618
x1,335,-4.197031889340121
x1,336,2.2827838151532363
x1,337,-1.2917680649622798
x1,338,0.6588715100647233
x1,339,-0.024050697217255893
x1,340,2.8084340677796735
x1,341,5.365043109939156
x1,342,0.10425596294454198
x1,343,-2.860814184698925
x1,344,-5.063500272223529
x1,345,1.5487997381567422
x1,346,-3.8351647174306827
x1,347,-2.35438904748051
x1,348,0.9509273689543126
x1,349,-0.15755157523475177
x1,350,-0.22814846899494853
x1,351,0.7104583020273563
x1,352,-0.03238112548319074
x1,353,-1.1896686206420342
x1,354,3.4351007272596554
x1,355,0.6382893544941332
x1,356,-1.1351939443247567
x1,357,-0.526013092548263
x1,358,-1.0428813090651452
x1,359,-0.06849281257079974
x1,360,-3.525759442005682
x1,361,-3.1916652292902157
x1,362,1.020887901993815
x1,363,-2.9309916062401853
x1,364,-1.908588282109454
x1,365,-1.7148375333996841
x1,366,-1.656339742783084
x1,367,2.1640763257660023
x1,368,3.7150632115732587
x1,369,-6.915323552635719
x1,370,2.9844151503285503
x1,371,-0.7783769836838662
x1,372,-4.268779832982581
x1,373,-0.26998782980777225
x1,374,1.0840665769489033
x1,375,3.2537499986371725
x1,376,5.725247944138367
x1,377,6.078023357788901
x1,378,-1.3797624449478048
x1,379,-1.7129587445338994
x1,380,0.6225696908755082
x1,381,1.652864468153473
x1,382,-1.9724411214117936
x1,383,-0.22859254930664685
x1,384,-3.8609801476263277
x1,385,-1.2984801221682154
x1,386,1.9363834768558537
x1,387,3.830246364993302
x1,388,2.1855785771045104
x1,389,7.39506043169649
x1,390,4.000895917383426
x1,391,-0.3106914770624808
x1,392,-3.7361375521471416
x1,393,-2.623620230780639
x1,394,1.3763235853400082
x1,395,-3.582723757323493
x1,396,2.4723469792878796
x1,397,-6.34961621969289
x1,398,-0.3273397728050447
x1,399,2.3774087282165874
x1,400,2.226446937279867
x1,401,-1.4002654881437415
x1,402,3.431874102379838
x1,403,3.1081096343585233
x1,404,4.310989736533705
x1,405,-1.1382133873510103
x1,406,-1.3303948342542298
x1,407,0.13828193399635985
x1,408,0.8640922068650371
x1,409,0.43884426236062807
x1,410,-2.178472138692707
x1,411,0.4263659286468323
x1,412,0.5045853059335885
x1,413,-4.6515174282988365
x1,414,-2.086713975917592
x1,415,-0.8566440901722887
x1,416,-3.3909646411665157
x1,417,-0.0631356739292566
x1,418,-1.3928299566118112
x1,419,0.5422001875725426
x1,420,-1.4063853855477921
x1,421,0.08702786482190607
x1,422,1.3748193270752922
x1,423,-1.9750787613494871
x1,424,4.377998916678992
x1,425,1.5465634802318058
x1,426,-3.0847579113140338
x1,427,0.44350651504330674
x1,428,-5.972175589285656
x1,429,1.2374157376530508
x1,430,3.3723011498823094
x1,431,-1.9557303075363366
x1,432,-1.042939205253903
x1,433,6.144089174061894
x1,434,2.370621904076784
x1,435,-2.6705301346896437
x1,436,6.121618289126075
x1,437,-0.41724465839006947
x1,438,-2.437499772899972
x1,439,0.37554654368705326
x1,440,-0.10999591306506223
x1,441,-2.037049055354018
x1,442,1.1864466110498217
x1,443,-1.0869433807417934
x1,444,-4.326492868428511
x1,445,0.862766528001685
x1,446,-4.1668742641342025
x1,447,0.6168854181250738
x1,448,2.3383511155123275
x1,449,0.4533953782671225
x1,450,2.553822210339391
x1,451,-0.11847342850446922
x1,452,1.73637089386812
x1,453,-2.2188037771869626
x1,454,-5.582446757048519
x1,455,0.8541624891359832
x1,456,-2.110330675226567
x1,457,-1.3929863944256806
x1,458,1.444992369968738
x1,459,-1.2514805024651847
x1,460,-3.6821815179819546
x1,461,0.7043967556450279
x1,462,0.3556989136642992
x1,463,-4.582622109920305
x1,464,-4.154533559242306
x1,465,2.1985369724409876
x1,466,-0.5420766791476019
x1,467,-7.9763267364553885
x1,468,1.634976236642484
x1,469,3.441816323946395
x1,470,-3.968815328449695
x1,471,2.1810209198961648
x1,472,-5.377885755181945
x1,473,3.0030967119394254
x1,474,-3.9096300462942675
x1,475,1.2605434459637965
x1,476,-0.43879313782017826
x1,477,1.7738346688856306
x1,478,0.28104261270740266
x1,479,-2.783144177411196
x1,480,4.240915730514306
x1,481,-0.7774118674957511
x1,482,-1.1917275989223999
x1,483,-2.1220969195395005
x1,484,-5.70519551563453
x1,485,3.0996573553207964
x1,486,3.977895512920083
x1,487,3.248421069168278
x1,488,3.8547097889290907
x1,489,-0.8816809969683423
x1,490,-2.166060448859272
x1,491,1.1986982188838504
x1,492,2.0063076878663466
x1,493,-0.6329762568315055
x1,494,1.3023905344035067
x1,495,1.4890595003763756
x1,496,6.647283582625053
x1,497,-2.110177176282633
x1,498,-3.7986655534802183
x1,499,-1.518858184339421
x1,500,-3.39962295971
x1,501,-3.957171388887177
x1,502,-0.04266294095858362
x1,503,-8.051047420697374
x1,504,4.331283859541259
x1,505,2.8192691741737232
x1,506,-1.8116494741530995
x1,507,-2.1167335862177166
x1,508,0.96474236537214
x1,509,-5.007136259834288
x1,510,-2.157476285145109
x1,511,2.191587871245533
x1,512,2.8471644238207565
x1,513,0.8352660545612551
x1,514,0.40207971674321596
x1,515,-2.2387230989130087
x1,516,-1.109904936090241
x1,517,3.7995819885409174
x1,518,4.862420767703373
x1,519,6.190680367876748
x1,520,0.8871835004685695
x1,521,-2.726952295003197
x1,522,-3.674300150127518
x1,523,-1.2517852781188143
x1,524,-1.180558412140191
x1,525,0.14430588440227202
x1,526,1.9348252429069646
x1,527,-4.1234867653950555
x1,528,1.8425175293097962
x1,529,-3.7816331762411286
x1,530,2.479655342636974
x1,531,0.2247332694511018
x1,532,3.1434198086695195
x1,533,-1.693937358106992
x1,534,2.643853342227526
x1,535,-1.5600858687792922
x1,536,0.5166619525830448
x1,537,1.0311586436733848
x1,538,4.004203566299195
x1,539,2.910271952226389
x1,540,-2.1144669614698626
x1,541,0.3585919923406585
x1,542,1.8639978604012442
x1,543,0.7779577395473549
x1,544,0.838736855127227
x1,545,-3.472142686266741
x1,546,3.006619904323224
x1,547,-2.513942233370342
x1,548,1.3942286692578898
x1,549,0.8747974590350983
x1,550,-1.13284663313358
x1,551,-3.1025019882864866
x1,552,1.164038172847917
x1,553,3.3024507007661352
x1,554,3.7039821851219323
x1,555,-2.482227154444494
x1,556,0.28646264706113883
x1,557,0.6300589985137939
x1,558,0.5316164401716799
x1,559,1.1961836291525563
x1,560,5.346738469478263
x1,561,-0.5481652129674716
x1,562,-4.225322711252773
x1,563,1.633014722556106
x1,564,-2.5049275260509596
x1,565,1.867159641329725
x1,566,-0.405476940745984
x1,567,-2.35088037608456
x1,568,0.830392387019541
x1,569,1.224747495275193
x1,570,-1.5388076884285764
x1,571,-8.877572619940183
x1,572,-7.409742272236123
x1,573,0.4458773196279524
x1,574,-0.18016993874480494
x1,575,5.529048408264229
x1,576,2.2496016814034387
x1,577,-4.110902289474879
x1,578,-3.6672445912536245
x1,579,-5.547270562721773
x1,580,0.5238085505300036
x1,581,-1.2280640047412226
x1,582,5.019806856279785
x1,583,-3.5275882194958346
x1,584,-1.4525152985556562
x1,585,-0.0074279592813517115
x1,586,-3.4934799283766087
x1,587,-4.046571736973027
x1,588,-0.23676355287585557
x1,589,5.1242771580171835
x1,590,2.3502334623699515
x1,591,-2.347932221584458
x1,592,4.494028777724955
x1,593,-1.3408086261479981
x1,594,3.2016481113027355
x1,595,-0.2736990614186935
x1,596,-1.3813538450285772
x1,597,1.8294901794696408
x1,598,2.049673082671531
x1,599,4.487834373639722
x1,600,2.226514522487864
x1,601,5.695305390421321
x1,602,3.996220135591265
x1,603,-6.234323671318752
x1,604,0.8049459864113251
x1,605,3.3181112424642993
x1,606,-1.490378469189893
x1,607,3.1144642581258872
x1,608,-1.9530041616265696
x1,609,-2.8162556964412135
x1,610,-0.3063206435015249
x1,611,2.5173592589446514
x1,612,-0.09711715855339227
x1,613,-0.2163732380433285
x1,614,-6.727695619505182
x1,615,-0.23112180681925795
x1,616,0.5119311457036481
x1,617,1.6882706070004665
x1,618,-0.2584473018331282
x1,619,-1.4773828321180593
x1,620,1.9897037484598057
x1,621,-1.1440498361314086
x1,622,3.9772429320471563
x1,623,1.7092427997514061
x1,624,-0.06502322190566444
x1,625,-0.07782347485628652
x1,626,0.2073577884134436
x1,627,1.5563947675412473
x1,628,-0.028275024863911553
x1,629,0.18722828495153412
x1,630,2.3049971776888554
x1,631,-0.6601515530682209
x1,632,2.440587916555445
x1,633,-2.5108457897387555
x1,634,0.5295073707105643
x1,635,-1.6754441900107928
x1,636,-2.312639325493171
x1,637,0.11361288732492018
x1,638,0.65194983568511
x1,639,1.7778326949967305
x1,640,1.111281005219276
x1,641,1.450537374029253
x1,642,2.4030672431900206
x1,643,2.038574767987247
x1,644,0.6037599965829087
x1,645,3.3677878072763003
x1,646,-0.03772071268502783
x1,647,0.05250225392934904
x1,648,1.829009531460925
x1,649,-5.141107391807625
x1,650,0.8187166485895594
x1,651,5.048762545484457
x1,652,-1.0980011762946233
x1,653,-0.16275632857625238
x1,654,0.6858671372431437
x1,655,-0.2670474549324986
x1,656,-0.34400296723078955
x1,657,1.5352087729569597
x1,658,3.198471409809225
x1,659,-1.6344174065456767
x1,660,1.0253267623754945
x1,661,1.8472395913557806
x1,662,-4.7265600129839145
x1,663,-1.0715071724754899
x1,664,4.353047608213258
x1,665,1.135253989516923
x1,666,-3.953198745916907
x1,667,5.18259836855577
x1,668,-2.434405821045648
x1,669,-0.6281531262982707
x1,670,-1.170999743540557
x1,671,-4.960227670532776
x1,672,-2.4531077310756615
x1,673,3.0574662185974595
x1,674,1.1058390662817987
x1,675,-0.2820588376769723
x1,676,-1.773599544745711
x1,677,2.089063453570519
x1,678,-5.49226099749916
x1,679,1.3103172132829686
x1,680,1.8317619993927592
x1,681,-0.45041031731183073
x1,682,0.15444541217383168
x1,683,-3.757095827217349
x1,684,-0.4968844109526577
x1,685,2.8253422241407
x1,686,1.436843762243409
x1,687,0.48157729284600426
x1,688,2.1325714287242588
x1,689,-1.1205176514716815
x1,690,1.20895273930533
x1,691,4.564026115480939
x1,692,-2.099383272077973
x1,693,-1.7308782176576665
x1,694,-5.30404118133981
x1,695,-3.763299987108783
x1,696,-2.071618532707648
x1,697,0.396665896904471
x1,698,-3.062590558908176
x1,699,-0.9327635792477225
x1,700,-5.143954244106573
x1,701,2.3359856526584015
x1,702,8.241620419870737
x1,703,5.711020505831406
x1,704,0.45874023481670617
x1,705,0.02698957705946744
x1,706,-2.5150394640619105
x1,707,3.4386493659583324
x1,708,4.411180536429116
x1,709,-1.8048378432778598
x1,710,0.985523407237022
x1,711,-2.213579584011875
x1,712,-3.4741492637205895
x1,713,-0.890975810868749
x1,714,3.4953102399136142
x1,715,0.41434837079257486
x1,716,-4.617779469350298
x1,717,-2.296543152523962
x1,718,-2.93435671115439
x1,719,2.669843064545424
x1,720,4.307763420712305
x1,721,1.702665670083139
x1,722,0.1681294619557461
x1,723,2.46439310231095
x1,724,-2.4063073022586776
x1,725,-3.465569763813901
x1,726,1.5594467150825393
x1,727,0.04481600545907467
x1,728,3.677223884347146
x1,729,0.24685621239437164
x1,730,2.674362973332832
x1,731,0.33320473987244964
x1,732,0.31911926016956554
x1,733,3.692813094794841
x1,734,4.037024666813971
x1,735,0.2841328452572915
x1,736,3.4936209015045594
x1,737,4.4796278530150975
x1,738,-4.00857826806392
x1,739,-6.226861284354021
x1,740,-0.5934361009165213
x1,741,-0.8329575440637756
x1,742,-3.982790477761892
x1,743,3.0188372658108187
x1,744,-1.8442333237675346
x1,745,-3.3478570309116447
x1,746,0.32515376939619434
x1,747,0.1860790394582868
x1,748,-3.479330470948608
x1,749,1.289650029454362
x1,750,-5.4209645589580955
x1,751,1.8567273110947926
x1,752,-2.175402335431573
x1,753,-0.6753544228820891
x1,754,-0.970227072276998
x1,755,1.531605692361133
x1,756,-4.290272243582602
x1,757,0.021277997478893727
x1,758,1.383290406688215
x1,759,0.30527401144105265
x1,760,0.45162223400566615
x1,761,0.08928817712280222
x1,762,8.847400104210445
x1,763,-3.9358229789889276
x1,764,-2.057487735648014
x1,765,-0.806018519070232
x1,766,1.6259049560511645
x1,767,0.23494626036203192
x1,768,1.2043883198637637
x1,769,0.9366362771706355
x1,770,-4.877421149754279
x1,771,-2.7566913902223944
x1,772,-2.588199548080274
x1,773,0.6804426819134126
x1,774,-0.5920897624868313
x1,775,2.4501120061222927
x1,776,6.6205919186648154
x1,777,3.6205121789899724
x1,778,1.37795984294422
x1,779,-2.000017331683518
x1,780,-4.218615419732213
x1,781,1.1128722049846527
x1,782,3.08009463249401
x1,783,-3.5619387888291825
x1,784,3.980194422990847
x1,785,-1.7963055055873072
x1,786,0.010767860596267506
x1,787,-4.287618773277916
x1,788,1.1988313628508223
x1,789,2.4539627748013957
x1,790,-1.8349498586611308
x1,791,-4.221670881330991
x1,792,-0.27694248925535897
x1,793,-1.8779825211560959
x1,794,-2.458099871262128
x1,795,2.044335435160621
x1,796,-3.5982134973046076
x1,797,2.8985191211715033
x1,798,-8.257062701002996
x1,799,6.541737571504895
x1,800,-3.148096484296168
x1,801,-0.8943709020184485
x1,802,3.5595604965653185
x1,803,-0.5823412314104978
x1,804,-1.8498045660434048
x1,805,-5.452849656343879
x1,806,0.9006930244725754
x1,807,-4.025437384800532
x1,808,-2.5018652397157415
x1,809,3.218199342055372
x1,810,3.2585524008602023
x1,811,-1.0968198735532944
x1,812,-1.51546677182481
x1,813,-1.099118155361385
x1,814,-4.786778811436903
x1,815,-3.673877205570362
x1,816,-2.233006820060159
x1,817,4.705173214559283
x1,818,-0.826619905920813
x1,819,0.7408641039369326
x1,820,-4.001485248859218
x1,821,-4.19868127588996
x1,822,2.725817962869596
x1,823,-2.2515709155263237
x1,824,2.766110182921871
x1,825,8.937462502873704
x1,826,-1.9006368432612066
x1,827,1.0537121576237585
x1,828,-0.28389805296166465
x1,829,-1.1350158339893317
x1,830,-3.0141473443368123
x1,831,5.049477763826763
x1,832,0.6252964991562946
x1,833,-4.7783040951778055
x1,834,1.0232152423117409
x1,835,2.3186089645059766
x1,836,0.9543890178927115
x1,837,-6.586967126619542
x1,838,-3.7387668890862553
x1,839,-2.170572381331017
x1,840,1.147670091622904
x1,841,1.036202119368318
x1,842,4.773286908374262
x1,843,1.1710487323360417
x1,844,-2.597523038425423
x1,845,-4.905573627910469
x1,846,3.8717503489206333
x1,847,-0.3521951982211014
x1,848,6.027849945350856
x1,849,0.8684519058922305
x1,850,-0.546727457607128
x1,851,-3.500773220953023
x1,852,1.6990931449731255
x1,853,1.065631561262453
x1,854,3.858712074695176
x1,855,-0.5762997410918476
x1,856,2.98881079996
x1,857,-3.388916493941897
x1,858,-6.749200951769288
x1,859,1.628440088322224
x1,860,-1.0874902617438773
x1,861,-0.6507588797282413
x1,862,0.8659028822123498
x1,863,-4.321011843786759
x1,864,1.4473123234989642
x1,865,0.34932267892160906
x1,866,1.9693504153071586
x1,867,-0.09275412633918566
x1,868,0.8709276807411368
x1,869,2.134860412979596
x1,870,-0.4361110531991313
x1,871,2.4334032548700324
x1,872,5.811521404020473
x1,873,3.6571730557265707
x1,874,-8.051449984119055
x1,875,3.8299353639212916
x1,876,2.5258267322629027
x1,877,0.22891147196441614
x1,878,5.76510102087849
x1,879,2.1257909779747544
x1,880,-1.2321707990917439
x1,881,-1.3605383613501725
x1,882,0.5167460311329041
x1,883,1.9306036421038613
x1,884,0.3871071904641158
x1,885,1.5638307329070666
x1,886,3.120206811654943
x1,887,0.6916657831423768
x1,888,3.809346044903869
x1,889,-4.556185782121854
x1,890,5.4364966448181775
x1,891,-1.0716106897343438
x1,892,2.6351394511222037
x1,893,-2.9272147781889575
x1,894,1.2321941884195382
x1,895,3.0626520706838427
x1,896,-0.9441627083711335
x1,897,4.417358859093051
x1,898,0.7369433277156241
x1,899,-0.4766045429219714
x1,900,-1.5655616301701283
x1,901,1.1004364010439593
x1,902,1.4683531240335754
x1,903,1.22979782347361
x1,904,2.024938169197276
x1,905,2.389688502598566
x1,906,-1.5873724996259726
x1,907,-2.1901213818441057
x1,908,0.7344975190349772
x1,909,-0.02191786617548675
x1,910,-0.7606788291899533
x1,911,1.705664914816742
x1,912,-3.879525709893792
x1,913,-1.0356270642014458
x1,914,-3.6022142387489144
x1,915,2.39211613842889
x1,916,-3.5520479677184604
x1,917,2.8719735736998264
x1,918,1.053188920951189
x1,919,-1.175144773131752
x1,920,-2.1350820279508667
x1,921,-7.048851014128416
x1,922,0.9775287838487469
x1,923,3.232229351894458
x1,924,3.8833619725913158
x1,925,1.9032281618695057
x1,926,0.3013565264933488
x1,927,-1.4983746812389824
x1,928,0.3527896594808134
x1,929,3.1223804674010514
x1,930,2.036646661564264
x1,931,0.8523294426223206
x1,932,1.896338595793235
x1,933,-0.1325816223409279
x1,934,-1.1259024011881287
x1,935,0.831733926199282
x1,936,0.23955794914845435
x1,937,0.6112135132061788
x1,938,-2.1009566904376213
x1,939,3.1903583755580494
x1,940,-2.0162999961626364
x1,941,-0.07217191005152802
x1,942,-5.062684788378369
x1,943,1.6955931337977197
x1,944,-10.17525724030292
x1,945,-1.5031502638824126
x1,946,-0.5545599023984891
x1,947,-0.8517182591439081
x1,948,-2.8059378770145997
x1,949,4.39107119560479
x1,950,-4.715376841724698
x1,951,-2.8844681514602017
x1,952,-1.3161814283509936
x1,953,1.4644151635281288
x1,954,-1.5570235574773637
x1,955,0.7229024378500688
x1,956,-8.107089296184936
x1,957,2.368276838360231
x1,958,0.7048868183005149
x1,959,-0.5971416662386327
x1,960,-1.5212356884506428
x1,961,-5.8487800636011125
x1,962,-3.5914959685739944
x1,963,0.6227289470526499
x1,964,-0.591862459944324
x1,965,-2.8280163973830175
x1,966,3.7941464342344546
x1,967,-4.840634574789221
x1,968,-4.0981503338899845
x1,969,5.7166548021551815
x1,970,-0.14572464407227834
x1,971,0.06172881816704671
x1,972,0.8547101603697562
x1,973,4.655239740492947
x1,974,0.5324061367214356
x1,975,5.371637442728553
x1,976,2.2396491800492875
x1,977,1.3923604124488693
x1,978,-0.4332780978851648
x1,979,0.2220563184908138
x1,980,0.6123141207661834
x1,981,3.1127170412985814
x1,982,2.9352112349988095
x1,983,-1.7867711461959666
x1,984,3.8222550979034358
x1,985,7.380669928055656
x1,986,-1.2592142654200735
x1,987,1.3562482756905045
x1,988,0.472917454604274
x1,989,5.4679545556852815
x1,990,-0.7503229470655802
x1,991,0.8431653725311512
x1,992,0.3598759868367749
x1,993,-2.0308606162059197
x1,994,1.9219153736708803
x1,995,-3.713610672196223
x1,996,2.4836716855297194
x1,997,-4.170827962705835
x1,998,-1.2990792741756865
x1,999,-5.583670765257727
x2,0,75.05087053043579
x2,1,-5.844922640136101
x2,2,6.382784488282135
x2,3,11.279223621703549
x2,4,-1.7461534505044445
x2,5,2.3523906315147447
x2,6,8.981485616334448
x2,7,12.487781513845299
x2,8,-5.782907867280262
x2,9,-6.809787117509281
x2,10,-4.925329999424811
x2,11,-8.14155343917956
x2,12,6.822564328481789
x2,13,9.166491595413868
x2,14,7.558145678169334
x2,15,-1.1386766847132321
x2,16,2.5944597119427586
x2,17,9.455855351975627
x2,18,0.3483086213656381
x2,19,9.39605817883308
x2,20,-9.59074037127793
x2,21,3.3613348289883547
x2,22,-3.8297531124127606
x2,23,11.986847467983239
x2,24,-12.565808107803095
x2,25,-6.012357505705741
x2,26,-7.788599477656218
x2,27,-3.7321703677747626
x2,28,-0.003758341351086436
x2,29,-7.346492593525669
x2,30,0.29041115592817657
x2,31,-7.59029707835926
x2,32,5.544423341547548
x2,33,8.933110753481795
x2,34,0.5165090062215671
x2,35,5.6692381068160795
x2,36,1.2061840243024087
x2,37,-1.5626558613509163
x2,38,4.952072694483802
x2,39,-14.031988110718643
x2,40,7.02711580086046
x2,41,-14.373551799018385
x2,42,-0.7029022147422608
x2,43,-1.7798414575201429
x2,44,2.1752187829403082
x2,45,7.690754418025016
x2,46,-5.892355744868944
x2,47,-6.9737054252973785
x2,48,-0.019344423037610525
x2,49,-10.230491337039325
x2,50,7.898719071250446
x2,51,-13.535142555761979
x2,52,6.549947555442484
x2,53,0.6199695801185692
x2,54,-6.498970370717036
x2,55,6.945783681326375
x2,56,-1.0069910036377172
x2,57,1.2849939693855823
x2,58,-1.2645682928599888
x2,59,-9.081582928201414
x2,60,-3.471986323089032
x2,61,-0.3302969080223963
x2,62,-5.929989088149966
x2,63,2.3909296338202632
x2,64,21.986838209008255
x2,65,6.454087037382984
x2,66,-0.6331715843275258
x2,67,1.1233817739876866
x2,68,-5.4534706063616145
x2,69,6.227437078859133
x2,70,19.099418644352944
x2,71,-0.3545914489363169
x2,72,8.299896483038271
x2,73,-11.463376711398757
x2,74,-4.8363488035115285
x2,75,16.113267063567818
x2,76,4.945789732705771
x2,77,2.3850364732467972
x2,78,3.1302709079587756
x2,79,1.1357601143310556
x2,80,7.149239730538233
x2,81,3.869088765744098
x2,82,-7.756667216939862
x2,83,2.882703234495908
x2,84,-12.361318570099506
x2,85,5.793339733502911
x2,86,-12.127482872758069
x2,87,8.193642020362969
x2,88,-14.039229360027337
x2,89,10.60967897310409
x2,90,8.511662973896087
x2,91,2.3536704338051253
x2,92,-6.347798305035774
x2,93,4.326170779482382
x2,94,-0.4147921935410843
x2,95,-9.950544532842105
x2,96,-12.294115994811394
x2,97,0.1376482087825539
x2,98,0.1648514859807928
x2,99,2.4819317703934707
x2,100,-3.8239839238768356
x2,101,5.454131140153534
x2,102,2.3303068545021812
x2,103,-1.4442076637290873
x2,104,-11.758418150469204
x2,105,14.900587738482294
x2,106,0.3985361946855108
x2,107,3.2686373401817206
x2,108,4.439237219319221
x2,109,4.453191972394551
x2,110,4.523800789118847
x2,111,-15.733591835732884
x2,112,3.7150324587751666
x2,113,-3.517454322417241
x2,114,-3.23381546126627
x2,115,-16.571256371916224
x2,116,11.143890431877386
x2,117,9.858457003561286
x2,118,-6.5610662114380265
x2,119,-4.650235903394041
x2,120,2.528100269160788
x2,121,-0.07510780092712022
x2,122,5.082078143732573
x2,123,-4.468216594787249
x2,124,-5.623161997897535
x2,125,-1.518697075529889
x2,126,-7.963850025001664
x2,127,-4.793981389202617
x2,128,-17.553546453483442
x2,129,-0.44815215405254516
x2,130,-0.7711153282468426
x2,131,6.49503746993686
x2,132,-9.860281627600052
x2,133,3.878628251773985
x2,134,-12.445766477843533
x2,135,1.0221804730774569
x2,136,-7.23649335599022
x2,137,-2.5097709108084536
x2,138,13.92495507346477
x2,139,0.0016827258202620765
x2,140,-8.953138640874105
x2,141,-10.088963804563253
x2,142,-13.843595518717777
x2,143,-4.614113077715263
x2,144,2.288298809637521
x2,145,0.6495026927684033
x2,146,6.277830378206841
x2,147,0.784013506528662
x2,148,-0.12031838185531352
x2,149,8.316729292637401
x2,150,-1.4510674815900244
x2,151,-6.332930493717747
x2,152,4.81145868793617
x2,153,-12.010931273680209
x2,154,5.62717949536068
x2,155,5.841965266168603
x2,156,0.8786386225494366
x2,157,-0.3090764348437671
x2,158,-3.1975422006126166
x2,159,-2.709545406479565
x2,160,5.303105452632138
x2,161,2.901575280722808
x2,162,-2.622378391951455
x2,163,7.4433170944863605
x2,164,-3.760707721939357
x2,165,-0.970837841427282
x2,166,-0.2493829428264791
x2,167,7.661307287503471
x2,168,-11.491847678479955
x2,169,7.770171021893787
x2,170,3.599451481575514
x2,171,-9.650427540042603
x2,172,5.596377845403739
x2,173,-9.37826175300426
x2,174,-11.258109657422986
x2,175,7.606927911972299
x2,176,1.7882027851182412
x2,177,13.192957989773427
x2,178,4.966557366580554
x2,179,-10.716048410584492
x2,180,-5.665425741466123
x2,181,-6.975314546428694
x2,182,8.171240898925367
x2,183,-1.6423180952203844
x2,184,3.9104162869395687
x2,185,6.7609125410752
x2,186,-1.2834312524825697
x2,187,3.6931758605264866
x2,188,14.012885296176659
x2,189,-0.5850500514465646
x2,190,19.5658855258989
x2,191,-2.076642442566234
x2,192,0.8720228703539344
x2,193,-14.167592730939035
x2,194,-0.31401704903676597
x2,195,-2.5982898116268736
x2,196,-0.23158345105855482
x2,197,-6.4674198266009135
x2,198,0.33386166471220413
x2,199,-2.485413968440038
x2,200,-4.9222304528763745
x2,201,-2.266311639023545
x2,202,11.438008381237807
x2,203,5.211288021653266
x2,204,-0.03983015539667356
x2,205,-15.841933658721016
x2,206,10.131304241328998
x2,207,1.8401618653461684
x2,208,2.0450238228620257
x2,209,1.4096168130414615
x2,210,-1.2979762965876311
x2,211,-8.515877921353724
x2,212,22.01986263229926
x2,213,-3.6330851076463673
x2,214,6.637522635179193
x2,215,6.8787495024670875
x2,216,8.192123505608867
x2,217,-1.1767932574619762
x2,218,7.820320705103362
x2,219,11.595207591732919
x2,220,-3.6490599361648104
x2,221,-0.9731446623545983
x2,222,1.1542961680265997
x2,223,10.52853937675475
x2,224,1.8439347145143774
x2,225,2.0456956367241546
x2,226,0.42277183576282806
x2,227,16.998098313517616
x2,228,-10.177912609174507
x2,229,7.393047085472785
x2,230,0.3336523597140244
x2,231,8.516340923308185
x2,232,-4.883637007442503
x2,233,-4.48662050347836
x2,234,4.794588708157772
x2,235,3.7484841128918847
x2,236,3.08968942294383
x2,237,-5.828402546803991
x2,238,-6.102357757868396
x2,239,5.665275381648524
x2,240,0.22657820373100357
x2,241,8.21248760568853
x2,242,1.131643955473988
x2,243,-2.438075181527152
x2,244,-1.1965160176008922
x2,245,-13.42551988228355
x2,246,-5.377841825942615
x2,247,4.528864897800336
x2,248,-16.402831277294226
x2,249,13.247337848834228
x2,250,-0.8220408670766436
x2,251,-0.5074235309638959
x2,252,-4.890644401043223
x2,253,3.5867011033259053
x2,254,3.3937503027577223
x2,255,-1.529509730152747
x2,256,7.702503173323469
x2,257,-6.100551681272371
x2,258,5.8180546587923505
x2,259,-5.365272017168061
x2,260,7.269699857235141
x2,261,-7.6996482937610216
x2,262,-4.9074543235517805
x2,263,-2.189842901291424
x2,264,0.2079025623320232
x2,265,-6.077830173054845
x2,266,-0.091964496889273
x2,267,14.908330107392636
x2,268,6.380426639457595
x2,269,6.969436070977215
x2,270,14.545381935983402
x2,271,-0.43236899538393336
x2,272,-6.813390242704412
x2,273,-5.641224198090698
x2,274,-6.008185567076955
x2,275,-0.1685107309545173
x2,276,-16.426391060366203
x2,277,12.799034381903095
x2,278,-3.922910428206802
x2,279,1.0213828004703798
x2,280,-11.825500444697408
x2,281,7.686678537636837
x2,282,1.0165729184862617
x2,283,-3.149420850041929
x2,284,-0.0889423208607727
x2,285,-3.5195508669272564
x2,286,15.930785972545936
x2,287,-0.4677299499296246
x2,288,7.316177595430404
x2,289,3.034785249937463
x2,290,-4.092907228616927
x2,291,4.776757050001036
x2,292,10.483998537403377
x2,293,6.064846239598178
x2,294,-0.8992129916516274
x2,295,-1.0233929468814056
x2,296,4.8345849406919
x2,297,-0.9624699736157747
x2,298,-5.243787633387231
x2,299,-13.28427290190376
x2,300,13.786939467906084
x2,301,10.928779440577756
x2,302,0.7994849611725918
x2,303,5.784100214363756
x2,304,-4.092806080718725
x2,305,9.695205063356191
x2,306,-0.7836150263383903
x2,307,-2.158348853059789
x2,308,5.567634471881658
x2,309,-1.1610294046292982
x2,310,-3.9065349318266005
x2,311,2.5081040622944784
x2,312,4.884191261509741
x2,313,-6.326357081928236
x2,314,-9.993434335475891
x2,315,2.8931031389781494
x2,316,-6.436799730005399
x2,317,-2.2312855150175155
x2,318,9.410244513403292
x2,319,-9.505119261527138
x2,320,-3.8980467178800176
x2,321,-2.249677130109269
x2,322,4.128349821235513
x2,323,15.732502729926315
x2,324,-6.820310156168858
x2,325,7.870901308889727
x2,326,7.490790897992421
x2,327,-0.13564815435141275
x2,328,-11.921602710590395
x2,329,-4.584643759587291
x2,330,-4.060570379037076
x2,331,2.2347258017175307
x2,332,2.68893277904989
x2,333,-5.209290422325789
x2,334,5.340935532866924
x2,335,-3.869292561737148
x2,336,6.423330390623717
x2,337,-1.1825249803329616
x2,338,1.3828718701669056
x2,339,12.997292335746826
x2,340,20.219712889365976
x2,341,-3.8145769443090574
x2,342,12.708426228253721
x2,343,6.6304840329322445
x2,344,6.619572816627013
x2,345,-5.819712855870211
x2,346,-8.223171454405872
x2,347,3.042312375849525
x2,348,12.381664449543594
x2,349,0.7066313479045786
x2,350,6.818538954954545
x2,351,-2.4328754227464726
x2,352,10.176396287023314
x2,353,-3.8427873880398318
x2,354,-4.396059286627311
x2,355,-13.85425558374438
x2,356,2.078303997381103
x2,357,7.16765718338804
x2,358,-8.349685011927482
x2,359,-1.7093189280987557
x2,360,-2.8074237838639995
x2,361,11.283889392391284
x2,362,-0.7777594160874592
x2,363,-9.564127928012379
x2,364,-13.678956374124647
x2,365,4.145839648854208
x2,366,-2.284297556976115
x2,367,9.961182619184415
x2,368,13.488766011432604
x2,369,0.4928281734143174
x2,370,5.822505502075198
x2,371,-4.713399540651036
x2,372,5.1411467765147
x2,373,-12.4080980595654
x2,374,-3.6163493659320674
x2,375,-1.3445755793934748
x2,376,0.511060574497596
x2,377,-8.906456597505423
x2,378,-6.209396682905956
x2,379,-5.440965314346456
x2,380,4.011355595383154
x2,381,9.898507856125292
x2,382,6.017409663532105
x2,383,4.057524722037938
x2,384,-5.687441899631379
x2,385,-2.2860483445056996
x2,386,8.150745232523663
x2,387,-1.9103630298461733
x2,388,-4.367569486031157
x2,389,-6.216384635536997
x2,390,-9.109953032700204
x2,391,-16.24030040142018
x2,392,10.077020803650448
x2,393,11.995823990493662
x2,394,-14.586475567948284
x2,395,-0.22973608693091485
x2,396,12.777434656629406
x2,397,3.3399506148901827
x2,398,2.5374662619361055
x2,399,-4.025273586719168
x2,400,8.987680542858747
x2,401,13.851546511611126
x2,402,-0.9956899442470086
x2,403,5.89287250942572
x2,404,1.9383312700131197
x2,405,2.8646934778809223
x2,406,-10.213549928134578
x2,407,12.946808301996025
x2,408,5.140340466793249
x2,409,3.9761599776991225
x2,410,6.388380914606692
x2,411,-10.399973250104733
x2,412,7.854959212943433
x2,413,-13.604164908416571
x2,414,0.5098476193684904
x2,415,4.807932051175432
x2,416,-0.41107192678566484
x2,417,7.004912626565455
x2,418,-1.471043581953079
x2,419,0.18142716475823928
x2,420,2.9125947051166166
x2,421,6.401245162277647
x2,422,-1.2560467841766578
x2,423,2.0763643599540123
x2,424,-2.76081772720381
x2,425,0.5053396412676396
x2,426,0.13781141015400933
x2,427,-5.205864906365651
x2,428,7.94293139293659
x2,429,-0.44829400237413575
x2,430,5.785995323721391
x2,431,13.901210994497973
x2,432,1.7505425783450663
x2,433,-1.8717592761032802
x2,434,-8.885672296678347
x2,435,3.588594967836257
x2,436,-0.3466987889349058
x2,437,0.741096599020724
x2,438,-1.1177547699323234
x2,439,-5.900226281980332
x2,440,6.257147080967779
x2,441,9.944602005254684
x2,442,-1.8544616275819918
x2,443,1.7662733025444914
x2,444,-5.949443241239232
x2,445,-7.270638030223004
x2,446,5.469875829879307
x2,447,-0.5982618271269082
x2,448,-16.18864470288098
x2,449,-0.495263406756802
x2,450,7.784689632561246
x2,451,-4.673806338573755
x2,452,-3.907323972972643
x2,453,14.873334100346652
x2,454,7.496269474513445
x2,455,5.119951271133651
x2,456,7.263815807450754
x2,457,13.85351134466037
x2,458,-3.139880419022483
x2,459,5.54921049963904
x2,460,-1.723282448134678
x2,461,0.8481408018353495
x2,462,2.403268812878507
x2,463,-15.956058647256766
x2,464,-3.6088684866477654
x2,465,0.2357292384043972
x2,466,-3.9800982649515744
x2,467,-20.19475564106699
x2,468,6.765098473026951
x2,469,-2.2641062158916485
x2,470,-7.946467628513926
x2,471,4.280461952173339
x2,472,9.713759424703465
x2,473,2.174152262707545
x2,474,0.15588422379924838
x2,475,3.161255860869594
x2,476,4.253492971710314
x2,477,3.9362158358148687
x2,478,5.826814603692131
x2,479,-0.09664004624425337
x2,480,0.47748857898373753
x2,481,-0.22455302691431145
x2,482,7.87669747790054
x2,483,-0.46505157236146943
x2,484,1.5335883194006101
x2,485,-4.841767783551235
x2,486,1.9617630925380727
x2,487,-1.1414740693448913
x2,488,-2.73050081695468
x2,489,-6.241360707682581
x2,490,3.131059467340779
x2,491,-1.3831542807463142
x2,492,1.0852364579873903
x2,493,-0.3007625753280818
x2,494,8.265261879604616
x2,495,9.93231802476842
x2,496,-4.880479914023788
x2,497,-12.4472553804991
x2,498,-2.226566911056351
x2,499,6.674745530674144
x2,500,11.42983611369507
x2,501,-8.00891744033061
x2,502,-6.969750234872513
x2,503,-7.806303291562682
x2,504,-6.161012214943089
x2,505,-8.598402916212395
x2,506,-12.35972261949228
x2,507,-7.175854956607523
x2,508,4.953463959839356
x2,509,-11.009569989253446
x2,510,5.6810934122257875
x2,511,4.49492871993148
x2,512,-3.2441587473855655
x2,513,-10.415593451106234
x2,514,-3.887920667986182
x2,515,-1.2601251813607282
x2,516,13.562600988366949
x2,517,-1.0850969122373446
x2,518,-2.632932513803083
x2,519,7.583607409216909
x2,520,-5.93741643530166
x2,521,3.3543647685554236
x2,522,-0.6606155567428709
x2,523,-3.5202829446485264
x2,524,5.962504180152534
x2,525,2.1102569392463577
x2,526,-3.0732469794232578
x2,527,0.1588643674591299
x2,528,-0.3800079554092941
x2,529,7.693694290618094
x2,530,0.059599675858965195
x2,531,2.768849620327745
x2,532,-3.6575349081901862
x2,533,-7.2378517547350185
x2,534,1.9614314999629516
x2,535,13.989103489638428
x2,536,2.7455189703183622
x2,537,-3.561626028925126
x2,538,-11.61329544902889
x2,539,-4.7853566681897775
x2,540,5.348271399093253
x2,541,-11.03205627480919
x2,542,9.865796528188486
x2,543,1.1791837530023974
x2,544,11.728905150076969
x2,545,8.061102224053784
x2,546,-0.64992597882909
x2,547,-5.968397489731636
x2,548,3.6420066037376895
x2,549,-2.0699564726735313
x2,550,10.135098850158299
x2,551,9.968250417758014
x2,552,1.4360940412632701
x2,553,-7.214758407764989
x2,554,-8.61821349146791
x2,555,-9.258929593389954
x2,556,0.45337234343514754
x2,557,12.116596034720018
x2,558,7.045180677952841
x2,559,1.3626834443774296
x2,560,8.981771048098013
x2,561,-1.8757228506193613
x2,562,0.39063181420230086
x2,563,-2.5047177772621723
x2,564,-0.3009219189954786
x2,565,0.0793630983715945
x2,566,0.3399021203568455
x2,567,12.568715035510916
x2,568,-8.763887375171958
x2,569,9.09911089088535
x2,570,-7.563089015517334
x2,571,2.0953165434988725
x2,572,5.205530020171068
x2,573,-3.994051295247501
x2,574,-4.134608453849147
x2,575,-3.415296382819285
x2,576,4.857698725194272
x2,577,-3.809388467883124
x2,578,4.046274392091588
x2,579,10.228330465239244
x2,580,-2.4632223833679383
x2,581,-8.553040292897798
x2,582,6.187183287354803
x2,583,-8.484819635558983
x2,584,5.437902565290635
x2,585,-10.57392135732944
x2,586,3.8444312822047535
x2,587,1.9149075858627187
x2,588,-3.1764744726226373
x2,589,-8.853149797947134
x2,590,-8.597577572627806
x2,591,-13.936680220420103
x2,592,-0.8422578168086781
x2,593,8.78301134061127
x2,594,-1.710305774466101
x2,595,-2.178015465689454
x2,596,-2.3359020209451207
x2,597,-2.977604737789199
x2,598,4.742109894049281
x2,599,16.898880971006868
x2,600,-6.801671717941942
x2,601,-6.308653160195632
x2,602,5.664739188148575
x2,603,13.34642548829863
x2,604,2.409743110380867
x2,605,-1.3549056748876924
x2,606,-15.698613078900255
x2,607,-6.231747646578895
x2,608,-3.7009923515535688
x2,609,1.4190220459821763
x2,610,9.789787801599157
x2,611,2.7079186633861605
x2,612,-5.161112457639156
x2,613,-4.686876586525601
x2,614,10.286831276459036
x2,615,-6.4347998050678745
x2,616,-10.068776624232813
x2,617,-9.173566542457955
x2,618,-6.470716616540425
x2,619,-4.323823376251132
x2,620,-1.7792010201353075
x2,621,8.451666440475496
x2,622,-2.273355408961561
x2,623,-3.6774777952304794
x2,624,10.080298346064506
x2,625,1.359059658887663
x2,626,-3.174369110051146
x2,627,-3.6622433097822547
x2,628,12.099757263943848
x2,629,-4.7833090658918955
x2,630,2.746479417766669
x2,631,-4.618273660484789
x2,632,0.4289623650412955
x2,633,9.868498701686672
x2,634,-2.7583927769240844
x2,635,-8.929331066093447
x2,636,-19.012688615090887
x2,637,1.1270226711823033
x2,638,-8.323783326068687
x2,639,-1.6171840293505981
x2,640,-5.383389192129636
x2,641,-2.1368521411267345
x2,642,-3.0794148671273245
x2,643,-3.068460879179825
x2,644,-7.882704187290235
x2,645,-9.285617631396372
x2,646,0.40918405053215023
x2,647,-9.87279337021819
x2,648,-13.063183962015028
x2,649,12.551827190612826
x2,650,-6.319555664295828
x2,651,14.020460135453774
x2,652,9.09992103046661
x2,653,-8.820419049244627
x2,654,-1.437840859841966
x2,655,-9.55915771565941
x2,656,3.0585938721276387
x2,657,-0.3717359881196203
x2,658,-0.4128829704703916
x2,659,-5.702211010188676
x2,660,-9.384391404473547
x2,661,14.49129342989976
x2,662,-3.6695134330341688
x2,663,-4.6548793817471825
x2,664,-3.263421088254821
x2,665,15.998694877676964
x2,666,-2.270931934815899
x2,667,-7.317894321269115
x2,668,4.245131899290792
x2,669,-3.849561382006323
x2,670,10.835039843194519
x2,671,20.445257655567353
x2,672,11.85213385419012
x2,673,18.75640841045253
x2,674,-17.35251732885251
x2,675,-0.5719757470527664
x2,676,3.732872717247176
x2,677,2.929888221356388
x2,678,9.07279626724734
x2,679,6.842863789398121
x2,680,1.5609384789601704
x2,681,-13.481950644294436
x2,682,5.3063705123673905
x2,683,3.5773810447010224
x2,684,-0.8423469802561283
x2,685,7.870864798073106
x2,686,-2.505412251585719
x2,687,7.933167969713711
x2,688,-5.119494730281374
x2,689,-13.907168348471577
x2,690,-4.408344895713315
x2,691,1.4374039432972143
x2,692,7.19018559035449
x2,693,11.35320415320679
x2,694,-14.396398165272489
x2,695,9.773534367315197
x2,696,5.460356597356553
x2,697,8.473101322432411
x2,698,-12.324499198376543
x2,699,-3.9198784524232337
x2,700,-0.3172497683639801
x2,701,-3.571978621499205
x2,702,9.15854688419294
x2,703,1.574892660452786
x2,704,-3.406984619339731
x2,705,-18.305802499609502
x2,706,-2.68965321605775
x2,707,6.647491774241905
x2,708,-2.004886750425475
x2,709,-5.002847811307268
x2,710,6.920155486444707
x2,711,-6.052626800344415
x2,712,-11.069327530363571
x2,713,6.539689037089686
x2,714,-11.57422767595105
x2,715,0.10048864047830897
x2,716,-3.1640280584508256
x2,717,2.191698526381772
x2,718,-2.0744802397690916
x2,719,-4.587284980619266
x2,720,-14.329229672915018
x2,721,1.558802960230972
x2,722,-6.475737042107247
x2,723,-3.6940701787214616
x2,724,0.7624720780406502
x2,725,16.28065957315699
x2,726,0.5342833444030389
x2,727,-14.853404426382621
x2,728,4.129160391664288
x2,729,-5.70712502379325
x2,730,-0.1543691652143091
x2,731,0.17089863412887318
x2,732,0.9594243933876676
x2,733,-8.789488294061687
x2,734,2.1777153395248243
x2,735,-6.213034717829032
x2,736,0.977733191562935
x2,737,-1.1220347240324977
x2,738,-3.3965265166317504
x2,739,-4.379323888738025
x2,740,-11.19638242873764
x2,741,-2.6311891318310927
x2,742,-2.6222300635640883
x2,743,6.5257340712613825
x2,744,2.107723459207404
x2,745,-3.1053894776872886
x2,746,-14.828130138360248
x2,747,-2.4670750043559626
x2,748,2.07497975042806
x2,749,4.224278994659508
x2,750,12.361641292175399
x2,751,-4.1725715511752455
x2,752,-5.964795623488598
x2,753,0.3589427143892434
x2,754,-2.593072412870991
x2,755,0.10404167425901867
x2,756,10.09417700546015
x2,757,4.242184733415961
x2,758,4.156800284498081
x2,759,-4.146797831433512
x2,760,5.4703658863591365
x2,761,0.21116627474406302
x2,762,0.2835999209306095
x2,763,7.255086758045416
x2,764,4.275774056158325
x2,765,-16.944539003625145
x2,766,17.030214704522486
x2,767,-16.72285661716701
x2,768,-2.5157192062650187
x2,769,-2.760729053337331
x2,770,3.190571364467657
x2,771,-9.03518964152427
x2,772,-7.996912746546016
x2,773,1.7240826599581616
x2,774,-8.733466197554977
x2,775,1.456601498897777
x2,776,-4.5722133938818885
x2,777,7.65323304722156
x2,778,-12.043996879507384
x2,779,-5.291389251294228
x2,780,8.515895478870716
x2,781,5.492007081901301
x2,782,7.355506022948304
x2,783,-5.492194892423707
x2,784,-0.9811321234453695
x2,785,5.2794187876077965
x2,786,5.347830716631734
x2,787,7.344564749614177
x2,788,-6.17306137222416
x2,789,2.3722648955465853
x2,790,-4.584851318893411
x2,791,-4.038688811022755
x2,792,3.8071835876381934
x2,793,0.537799779117746
x2,794,5.079339762942959
x2,795,0.561406981574005
x2,796,6.76754064317298
x2,797,-6.542246299663219
x2,798,-11.224093203684687
x2,799,8.376177305092453
x2,800,-7.028145093369278
x2,801,7.50366573815205
x2,802,3.1305972730256104
x2,803,6.91141257934996
x2,804,5.828835857821462
x2,805,1.3641630538542406
x2,806,1.9733346682320523
x2,807,7.511374128867854
x2,808,0.29841761638725206
x2,809,-8.581265711039064
x2,810,-9.11639250770008
x2,811,-0.3727765008271058
x2,812,-10.783123602583665
x2,813,5.50772872078227
x2,814,-2.102547004952678
x2,815,-3.3350049351003452
x2,816,9.352346313473163
x2,817,0.5021150426374996
x2,818,-8.439406114425498
x2,819,-9.454552452040891
x2,820,-6.619908587597362
x2,821,-4.340484715176087
x2,822,-4.507846516174138
x2,823,-4.56523416328222
x2,824,-1.7208575019398147
x2,825,10.807684690549666
x2,826,-6.5454109158922185
x2,827,9.80689573886977
x2,828,-7.494952905791552
x2,829,3.969071652654749
x2,830,6.778767446222158
x2,831,5.645069842229241
x2,832,2.8529458561362757
x2,833,2.1377240552791816
x2,834,9.722426942526985
x2,835,14.62256123837291
x2,836,-17.750011680734083
x2,837,9.42730196677601
x2,838,-10.75025318351021
x2,839,-2.9845621946386007
x2,840,6.793676157357776
x2,841,-2.9912067319861118
x2,842,-1.2757814991016838
x2,843,-4.608394278728261
x2,844,4.955838794663887
x2,845,-1.3380638854016298
x2,846,-1.263819278870736
x2,847,1.2627543491464484
x2,848,4.279635754597037
x2,849,-6.861126372122129
x2,850,3.281800391054721
x2,851,-17.042755042338783
x2,852,-1.395528647781063
x2,853,-5.416153781670519
x2,854,4.204967538492527
x2,855,7.728073299511673
x2,856,18.786833989950413
x2,857,-1.9996473149293
x2,858,8.791621419537588
x2,859,0.8333120073831686
x2,860,-11.25240088197866
x2,861,-7.386829561425608
x2,862,6.471194453767544
x2,863,-8.665114841956285
x2,864,8.970701458613595
x2,865,15.780722435693244
x2,866,-2.3813327236116146
x2,867,1.3939785678261183
x2,868,19.687889884346934
x2,869,13.426285262534218
x2,870,-2.1629713224328437
x2,871,4.635291850380524
x2,872,-11.08819801939566
x2,873,-4.883960949280022
x2,874,1.2409258277492372
x2,875,6.101080449243685
x2,876,7.8227314431555675
x2,877,-8.382914449681778
x2,878,-1.5813450314435342
x2,879,-0.6108517392289574
x2,880,-2.9339794721481396
x2,881,8.220192484104093
x2,882,-6.337203163871229
x2,883,1.4682792129425226
x2,884,-16.10793555380537
x2,885,-11.470771112671788
x2,886,9.923178767487954
x2,887,-8.315678632840749
x2,888,8.09952784827387
x2,889,-7.574836671881551
x2,890,-10.787825951673165
x2,891,-13.950550093023704
x2,892,-4.398836556506564
x2,893,-4.562292965837155
x2,894,14.72486642003741
x2,895,2.7208557364288715
x2,896,5.989721773194625
x2,897,8.45520410240776
x2,898,0.36729508964410607
x2,899,-6.92302946883315
x2,900,8.11748563455491
x2,901,-5.372015916927618
x2,902,-17.687297526761355
x2,903,-4.427091908321397
x2,904,11.607710607180605
x2,905,-11.874185780134226
x2,906,2.9027453362478965
x2,907,2.3633049721748907
x2,908,12.681068399008833
x2,909,-6.146770354425877
x2,910,-4.7820808820597005
x2,911,-3.401461429431372
x2,912,0.6770514652234942
x2,913,-6.482602016259342
x2,914,-6.1248116233208485
x2,915,-5.718244976656962
x2,916,0.5961241886248381
x2,917,18.449039475347227
x2,918,-11.941774352946636
x2,919,0.9964893699133615
x2,920,-4.126755710971813
x2,921,-0.26343303861106593
x2,922,-2.742232910849101
x2,923,-12.149593099401159
x2,924,-7.79860986484475
x2,925,-0.5517724580730545
x2,926,10.021716320231826
x2,927,3.7868209046458388
x2,928,0.611400060167945
x2,929,-7.870638374925059
x2,930,6.511628309276924
x2,931,-8.758189941020465
x2,932,-14.569818979468648
x2,933,4.866846548987693
x2,934,13.740655630817377
x2,935,2.2451377145039224
x2,936,-18.228019703125995
x2,937,-9.708124772529693
x2,938,2.244705838944458
x2,939,-2.6935861366694467
x2,940,1.7308195055046522
x2,941,5.926725322568471
x2,942,-0.07780034277899084
x2,943,-4.676691487436642
x2,944,-1.1111227025272794
x2,945,-2.129582875014571
x2,946,0.8301163949140726
x2,947,-1.8049051534412532
x2,948,7.200984369942855
x2,949,5.816913376858886
x2,950,11.810856224207882
x2,951,-5.877530833899134
x2,952,0.13617518080843394
x2,953,-0.36371738292702394
x2,954,5.226654246490974
x2,955,-6.72212051709561
x2,956,14.802085608183225
x2,957,-1.948257122587013
x2,958,13.696489413246383
x2,959,-1.73970807277782
x2,960,13.352402093332078
x2,961,-6.179151833937372
x2,962,-8.06628990020351
x2,963,1.8218189744721984
x2,964,-12.206807503881343
x2,965,-9.186670307330154
x2,966,-15.263497465680778
x2,967,-7.87917195913453
x2,968,2.5662950779773444
x2,969,3.434463331694136
x2,970,9.988390907694761
x2,971,-5.591017215115915
x2,972,3.6652426911349387
x2,973,0.7520816828984656
x2,974,-8.657776047763594
x2,975,1.0626648895158883
x2,976,5.826429138906526
x2,977,-8.464299733445975
x2,978,-5.519714623404335
x2,979,-2.1320262417739078
x2,980,-3.117387089917478
x2,981,1.907067670246931
x2,982,-2.5773601099736214
x2,983,3.141707314846093
x2,984,2.1548465082757637
x2,985,11.736151342608812
x2,986,11.335411571037529
x2,987,-6.555408405720083
x2,988,13.663943024411871
x2,989,7.298964682737179
x2,990,-2.5997285428373043
x2,991,0.9978024650947674
x2,992,-10.217709521242089
x2,993,5.279148511510941
x2,994,4.022000455756151
x2,995,-7.499937369309939
x2,996,-5.1500256173284304
x2,997,9.819101921025098
x2,998,-2.497298190786296
x2,999,-4.713432152703099
x3,0,17.750379682595216
x3,1,-1.6151119181968692
x3,2,1.6714952523610629
x3,3,-0.8030915974215029
x3,4,0.25254410669946714
x3,5,3.944430661388855
x3,6,1.2152383131783802
x3,7,0.7527188331779138
x3,8,3.110529518122877
x3,9,-2.553619546439894
x3,10,-3.7632092478171395
x3,11,0.13850807146889474
x3,12,1.8278189235431646
x3,13,3.0632723206374775
x3,14,-1.0775137246109037
x3,15,-2.0218533364656017
x3,16,1.9959455500960113
x3,17,0.010211709615768444
x3,18,-0.5462906711350048
x3,19,-1.3384606661080747
x3,20,-1.5829287647608743
x3,21,0.5893065327013154
x3,22,3.543011014340589
x3,23,1.7959491430419254
x3,24,1.010116122329526
x3,25,-2.2597618928508605
x3,26,3.587472668863057
x3,27,-1.5092376427785679
x3,28,3.0542774949706537
x3,29,0.02716264628790083
x3,30,-0.9911664194570021
x3,31,-0.9123337524036632
x3,32,3.1006971537604713
x3,33,-2.5109558939811074
x3,34,-0.3463283606748092
x3,35,2.165672914180317
x3,36,2.1166972811154126
x3,37,2.5756858611651907
x3,38,-3.6888510719806877
x3,39,0.5990574172680178
x3,40,1.3212415158367332
x3,41,-1.2750577409290307
x3,42,2.110238483104009
x3,43,-3.990383173074342
x3,44,-0.7239717041153166
x3,45,0.5359404579407413
x3,46,-2.686926924484927
x3,47,-1.0638995756540661
x3,48,1.9255144196840097
x3,49,-2.4167634873268766
x3,50,1.8202346811979293
x3,51,-1.9907681291416695
x3,52,-1.3433090248313957
x3,53,0.19782257539575804
x3,54,-0.7682348165102434
x3,55,-0.6631241422154566
x3,56,0.19784616088578327
x3,57,2.0471362471291203
x3,58,-1.7372611530897097
x3,59,-2.997647692975283
x3,60,-1.355444060890257
x3,61,-0.8340696770322068
x3,62,-0.5726321092860638
x3,63,2.050515038149639
x3,64,-0.3344196468955773
x3,65,-1.3641322653067582
x3,66,-0.7163812897379621
x3,67,0.6085729726024911
x3,68,-0.41941662031725974
x3,69,0.44084084180589816
x3,70,-1.1875695080117674
x3,71,0.3779129941992767
x3,72,-1.9814025761787097
x3,73,-1.9924825159991353
x3,74,0.1360903554358127
x3,75,1.5013376685295612
x3,76,-4.111805153858077
x3,77,1.9289139264482635
x3,78,-0.4894463778943859
x3,79,2.020352431528317
x3,80,-0.015559965908126621
x3,81,-1.844675883037582
x3,82,-0.693716282140162
x3,83,2.3546117423270188
x3,84,-2.4227906201286653
x3,85,0.4301541418064305
x3,86,0.7601443557565064
x3,87,1.8906792433444717
x3,88,-1.6050919716894765
x3,89,-0.38591933758253727
x3,90,-2.397670130240144
x3,91,0.3676639612461722
x3,92,1.000590703629811
x3,93,-1.2704301060336072
x3,94,3.563088245779551
x3,95,1.5084189981886518
x3,96,0.38489939443378146
x3,97,-3.0443509115082015
x3,98,2.996945771254164
x3,99,1.8417592569000698
x3,100,1.8764420874577805
x3,101,-1.1009513052256608
x3,102,0.0108431048783717
x3,103,-1.854509291218357
x3,104,2.1895245332827566
x3,105,-1.220293696217824
x3,106,-0.5483931884548559
x3,107,-4.189970081449689
x3,108,-0.5964239934056325
x3,109,2.535823725764081
x3,110,2.462066633394728
x3,111,-0.7146473078072082
x3,112,0.654394480260559
x3,113,0.9175333902522553
x3,114,-1.8252114195504552
x3,115,-1.2531168892413589
x3,116,-4.354081570877841
x3,117,-0.23549958846693236
x3,118,-2.0312331873404044
x3,119,1.8629855662293506
x3,120,1.647001887341344
x3,121,1.414435648875175
x3,122,1.5196126973900128
x3,123,-1.9885169339833206
x3,124,2.8603883316230285
x3,125,1.2104676422348086
x3,126,-1.8814021023087897
x3,127,1.7862406689673958
x3,128,-2.3006786689205256
x3,129,0.13463958396668485
x3,130,-1.9534041102922635
x3,131,2.349441664665962
x3,132,1.3732697556032696
x3,133,-0.5971834987602164
x3,134,1.7262212496584217
x3,135,-0.169829143737763
x3,136,-1.508109296755875
x3,137,2.3633284441381845
x3,138,1.9764138351947547
x3,139,-2.688598068955208
x3,140,2.955755052101942
x3,141,-1.288107420973233
x3,142,0.026709756926730218
x3,143,-0.2942514719843144
x3,144,-2.0276520111355536
x3,145,-0.9744903603512184
x3,146,0.7670854462232497
x3,147,-3.3517422420050735
x3,148,-0.16924521888463973
x3,149,-0.9894897092988149
x3,150,0.9182304430104942
x3,151,1.8287792219863845
x3,152,-0.3966138905281002
x3,153,-0.4186854490636224
x3,154,0.3316736699618779
x3,155,0.32897498811530734
x3,156,-0.8476654255635222
x3,157,-0.1237562537246715
x3,158,-1.276095268692086
x3,159,-0.3614049236039441
x3,160,-2.334408354923052
x3,161,-2.4182750013375123
x3,162,1.739299949427465
x3,163,-0.0521393060469479
x3,164,1.4975790016541157
x3,165,-1.5042106080027637
x3,166,1.3124123237063339
x3,167,0.5996992578342274
x3,168,-0.5126563345941538
x3,169,1.997842280051768
x3,170,-1.1094436681365984
x3,171,-3.199746704590623
x3,172,-0.366009472693975
x3,173,-4.335775088064039
x3,174,3.016695885921738
x3,175,-0.15628364411577766
x3,176,-0.12141728351518875
x3,177,0.22386426104954066
x3,178,-3.284057161818962
x3,179,0.4993901156755389
x3,180,0.2527731996093195
x3,181,0.7561203055140033
x3,182,1.0983363649525124
x3,183,0.891852894964525
x3,184,-0.23336533420189284
x3,185,2.547363746952128
x3,186,0.7468472998182344
x3,187,-1.8368391396116268
x3,188,0.6859916511256968
x3,189,1.3668879410198993
x3,190,1.4299350918381881
x3,191,0.3612594369600054
x3,192,-0.060309335122651256
x3,193,1.6682484580867691
x3,194,0.444903397177997
x3,195,0.8437725224088019
x3,196,1.755082892546617
x3,197,4.250456809264272
x3,198,2.5374504448628015
x3,199,-0.8282764069613828
x3,200,-2.532318235013363
x3,201,0.428333886208382
x3,202,0.3025371699883275
x3,203,0.7373084940598562
x3,204,1.118416768168358
x3,205,0.30426701148513874
x3,206,1.3897849396181263
x3,207,0.3604333176520735
x3,208,-0.8962239800322942
x3,209,1.5617957285446056
x3,210,1.9247740151787243
x3,211,-0.9690812326878946
x3,212,3.3110532854489176
x3,213,0.6520604088928532
x3,214,-0.9931916017916371
x3,215,0.7588425999102985
x3,216,1.1615623411146105
x3,217,-1.3434924210077805
x3,218,0.8202274744144331
x3,219,-1.2756150245908424
x3,220,-1.595241740995136
x3,221,-2.3672536435481986
x3,222,1.1542702236926339
x3,223,2.4066264739937764
x3,224,1.319283560798114
x3,225,-1.289820442273838
x3,226,1.241603850402923
x3,227,-0.18217106956447493
x3,228,0.4480151767965123
x3,229,-2.3123839727791764
x3,230,0.6726224858499232
x3,231,-0.19828680187051465
x3,232,0.9643010209972218
x3,233,0.03261899593396845
x3,234,-0.5182567878960699
x3,235,-0.06737995153275589
x3,236,0.7517406990566277
x3,237,-1.7920449639157463
x3,238,-0.4993915508805723
x3,239,-1.6583830642216346
x3,240,0.2634268884629353
x3,241,-2.4572803215547325
x3,242,0.14332120018437597
x3,243,-0.6839544821380396
x3,244,2.1215482385310507
x3,245,2.870701591665546
x3,246,-3.0619558048732527
x3,247,3.6724902046366306
x3,248,1.5634598288537795
x3,249,2.699350597479738
x3,250,-2.4658163343240975
x3,251,-0.7983150430259105
x3,252,-2.1165905842420427
x3,253,-1.7949425447547434
x3,254,1.9887687527189044
x3,255,-3.4266206977166846
x3,256,-4.233264317010401
x3,257,-1.7926027836030085
x3,258,1.3514552233888661
x3,259,-2.3696792951240164
x3,260,-0.5486595070839342
x3,261,0.9948152584743128
x3,262,0.6799732576200497
x3,263,2.5976339088364155
x3,264,-0.3524003758819019
x3,265,-1.785330486824945
x3,266,-2.5117204382299883
x3,267,2.5049492339713186
x3,268,-1.0098294261174687
x3,269,0.4663236725044402
x3,270,-1.139053709882603
x3,271,-0.39909899827952655
x3,272,-2.2681398843473906
x3,273,-0.640191263027864
x3,274,-0.8586090346064996
x3,275,1.3500798682930248
x3,276,-1.42130263399147
x3,277,-1.7098014861147037
x3,278,-3.1301367592745395
x3,279,3.305680030448604
x3,280,-1.5774968701073941
x3,281,-1.4263628199054779
x3,282,1.5722963233855065
x3,283,-1.8879708458864068
x3,284,-1.079815645437143
x3,285,0.09009534124326217
x3,286,-0.4315865965261074
x3,287,1.852137192872135
x3,288,-2.0350997446095738
x3,289,-0.13681092578702772
x3,290,-1.1877859025175717
x3,291,2.9014025390264027
x3,292,1.256562114485582
x3,293,-1.2105532062638187
x3,294,2.5165177006200143
x3,295,-1.9375923611492147
x3,296,0.757093009030197
x3,297,1.6004355745178955
x3,298,1.6349575585961083
x3,299,-0.45894839928082487
x3,300,2.1339552219858526
x3,301,-1.778429088443176
x3,302,-0.9139056442075361
x3,303,3.791614105837412
x3,304,-1.6143539225175272
x3,305,0.6652546469906429
x3,306,-0.5182776518326184
x3,307,-1.0796407384569033
x3,308,-0.1945450396665765
x3,309,-3.543217961315742
x3,310,0.8963164172546666
x3,311,2.1838867034580183
x3,312,1.7409164604349168
x3,313,3.343608263635341
x3,314,-2.003239513455034
x3,315,1.9614942106779938
x3,316,-0.3052254926199526
x3,317,-0.23437788759995376
x3,318,-0.4624778853550159
x3,319,0.6381598510696079
x3,320,-0.7124293754495886
x3,321,0.03508759844755108
x3,322,1.3517793573652714
x3,323,-1.3879459149423057
x3,324,-1.719549094136436
x3,325,4.403862298515609
x3,326,1.4202510551216407
x3,327,-3.465812166103237
x3,328,0.4328377951044899
x3,329,-0.8158442979206453
x3,330,-2.405563038320276
x3,331,-1.0803757593918666
x3,332,0.5378235328108553
x3,333,-2.341717409437434
x3,334,2.102541173811282
x3,335,-0.4429955633175226
x3,336,-2.3016387740910385
x3,337,1.040576525913149
x3,338,1.8616704100348564
x3,339,-0.15553285284841756
x3,340,0.32947257693667603
x3,341,4.151049205917173
x3,342,0.059303483324847965
x3,343,1.4261087371760133
x3,344,-1.1141869194654361
x3,345,-0.04207805629451386
x3,346,3.57391516386471
x3,347,-1.0164407993101128
x3,348,-1.1188007007503347
x3,349,-0.407040169003585
x3,350,-0.592460942408535
x3,351,0.783667000226825
x3,352,-1.5511019417426497
x3,353,-1.4143706381262355
x3,354,-0.6839258022901825
x3,355,-1.3193813338135427
x3,356,0.9510257321321546
x3,357,-1.3570966731067435
x3,358,-0.652412217208298
x3,359,1.8177239270215642
x3,360,2.400951887205001
x3,361,1.7602524098563743
x3,362,-0.5007441746242044
x3,363,-0.5707307214555098
x3,364,-1.382769641777601
x3,365,-1.6848720822858092
x3,366,0.0830896182163043
x3,367,-0.9565449540953864
x3,368,1.5203959102568876
x3,369,-0.7523164879092071
x3,370,-3.6726329378647926
x3,371,-0.4271600943816424
x3,372,2.4952127666763846
x3,373,0.5981524829535847
x3,374,-0.30444889944615633
x3,375,1.6378512625299284
x3,376,2.2727652777388503
x3,377,-1.6219839559933704
x3,378,-0.5791500856312195
x3,379,-0.6257118943280433
x3,380,1.7164814578160796
x3,381,2.1792088786821724
x3,382,0.8914110235326306
x3,383,0.7313978283447917
x3,384,1.125761278445058
x3,385,-1.8910280716827832
x3,386,-0.15650710449960867
x3,387,4.915815290766474
x3,388,-1.3824022356311756
x3,389,-3.0236321202566097
x3,390,-4.846933411440559
x3,391,0.23246521983986002
x3,392,2.0517311061858567
x3,393,-1.0752280353920656
x3,394,-0.8834232785870128
x3,395,0.5599155347344862
x3,396,0.19483727804599377
x3,397,2.1865236936465235
x3,398,-1.702298115714991
x3,399,-0.3596483331948515
x3,400,-3.914364252314595
x3,401,-1.2216781879636895
x3,402,-0.34422059774458486
x3,403,1.295281407519712
x3,404,-0.4403986603335498
x3,405,0.5423304343782563
x3,406,-1.579501566394709
x3,407,-3.514044831502149
x3,408,1.1842288960535516
x3,409,0.6607298100083088
x3,410,-3.506643356463123
x3,411,-2.3399885935974796
x3,412,0.695114452790355
x3,413,-1.5868337951822238
x3,414,0.5313527205156025
x3,415,1.2922597638474775
x3,416,-0.9850584936064093
x3,417,0.7050485372892968
x3,418,-3.1501964924963417
x3,419,-0.7903196818361353
x3,420,2.327320201701014
x3,421,0.40197023121575365
x3,422,-0.6816042228962502
x3,423,-1.4170615395119686
x3,424,1.4702333556582272
x3,425,-2.4446485835165217
x3,426,-1.1952765330637591
x3,427,-2.1521695182537464
x3,428,4.993408826575315
x3,429,-1.7931565293858718
x3,430,-0.7867113617007065
x3,431,0.24280825410408416
x3,432,-1.5272922594017273
x3,433,-1.108026921430397
x3,434,-1.9605854968269938
x3,435,-0.7548713186929876
x3,436,0.056014767220827946
x3,437,-0.9418210387456729
x3,438,0.37798235076226955
x3,439,-1.9891364817630703
x3,440,1.0374006023895972
x3,441,1.1652871160092186
x3,442,-1.6782170980091682
x3,443,-1.3340902762581046
x3,444,2.9417188505918292
x3,445,-1.43741364412068
x3,446,-1.197780349269409
x3,447,-0.16733104481897546
x3,448,1.0095422914406755
x3,449,0.8732968247971428
x3,450,-1.0134932593831834
x3,451,-3.41101434207417
x3,452,-0.5023082260218672
x3,453,-0.5850334080778448
x3,454,2.1811602559995067
x3,455,1.0240489882327921
x3,456,-0.3963215448708954
x3,457,-2.270137808233044
x3,458,-2.4728186689565876
x3,459,-1.2217479828878195
x3,460,-1.2375747078604096
x3,461,0.20228328640984378
x3,462,0.4159073228259032
x3,463,-3.6449117002124893
x3,464,-1.2991133172998777
x3,465,-0.9788329897774155
x3,466,-1.0235587155048658
x3,467,-1.9042763060006154
x3,468,-1.9239552866112803
x3,469,-1.6748023394446412
x3,470,-0.9663438214122431
x3,471,1.0692945676825252
x3,472,-0.5039038026040756
x3,473,-0.9128139029979304
x3,474,0.7306712032256875
x3,475,-1.4447341698287643
x3,476,-0.4638823614031974
x3,477,0.49581658809653806
x3,478,-2.219210114215969
x3,479,-0.27454431013916225
x3,480,-0.6502150815570475
x3,481,-0.04593770874324835
x3,482,1.2256552646061432
x3,483,4.136766665380549
x3,484,0.6563875771674832
x3,485,-0.3229401148325319
x3,486,3.6154273395212044
x3,487,-0.4153571759424457
x3,488,0.494547689710045
x3,489,3.1673659468239834
x3,490,-1.3027292219368964
x3,491,1.7831223026784346
x3,492,0.3522191773061253
x3,493,-0.39445533674448424
x3,494,1.7492903954858015
x3,495,3.7762981930692847
x3,496,1.104340831604963
x3,497,0.3161695274392272
x3,498,-0.5271501744902686
x3,499,-1.5662782120681795
x3,500,-1.6171560773124494
x3,501,-3.6724708172252467
x3,502,3.2070589629773596
x3,503,0.6349424580860304
x3,504,0.5823084243906763
x3,505,1.0299271600736717
x3,506,-0.9368493951208432
x3,507,0.2707937996014797
x3,508,3.0261547102807302
x3,509,-0.597348484026908
x3,510,-1.666851127011768
x3,511,-0.12870461359244154
x3,512,3.8509410333542857
x3,513,-0.9140829093840384
x3,514,2.9935756778078444
x3,515,1.8065516713201035
x3,516,0.5802098935308991
x3,517,-3.845289592017893
x3,518,2.074680190696449
x3,519,0.49413503953018445
x3,520,-1.5723273757855079
x3,521,0.3131391624907752
x3,522,0.5585773577197094
x3,523,-0.8556754969686352
x3,524,-1.1092097603852435
x3,525,0.6352176914824167
x3,526,-2.035493517201966
x3,527,-0.7515194445418723
x3,528,-0.5273971907640302
x3,529,-0.17780848554057377
x3,530,0.6681810844743875
x3,531,0.6091702541824005
x3,532,1.2918055866611384
x3,533,-0.8380517028881028
x3,534,0.9453635902729202
x3,535,3.1811723170757147
x3,536,3.838876181020067
x3,537,-0.46125435829811784
x3,538,-1.0483937393748834
x3,539,0.020573993500497212
x3,540,1.7132153764313742
x3,541,-0.6099800392188159
x3,542,-0.9199834141297499
x3,543,-1.184139356139543
x3,544,3.1527681723898766
x3,545,1.0336530573581426
x3,546,-2.1141783474098217
x3,547,0.04560250046498388
x3,548,0.3360558103914659
x3,549,0.3636105171390999
x3,550,-1.6185715209964828
x3,551,-0.7456822729571554
x3,552,-2.264608898124485
x3,553,1.5090963035425977
x3,554,-1.681631194917065
x3,555,2.530790561533154
x3,556,-0.6040006338491452
x3,557,1.3688967401530445
x3,558,-0.7006902004042106
x3,559,1.6001617599882507
x3,560,0.7837917054452815
x3,561,-1.9578953826584766
x3,562,-2.9605876504418904
x3,563,-0.2309068880130265
x3,564,-2.832728909968671
x3,565,-2.162524921907767
x3,566,1.695228319321322
x3,567,-1.8900238716972633
x3,568,2.35020408305418
x3,569,1.340220107622032
x3,570,-1.8839112248046377
x3,571,1.9122901577223888
x3,572,1.1176726170024704
x3,573,2.7800175093671706
x3,574,1.1883524826606766
x3,575,2.110962101284614
x3,576,-0.293199181475136
x3,577,-1.5878375322762166
x3,578,-1.0906491408664294
x3,579,-1.5786458130584393
x3,580,1.7978342323036625
x3,581,1.0222027019540472
x3,582,0.8522979110658077
x3,583,0.5395485097354326
x3,584,2.519460649090564
x3,585,1.9399882808720497
x3,586,1.756901124479224
x3,587,-0.2284888944092506
x3,588,-0.8892464526544678
x3,589,1.321241587436147
x3,590,-1.5170851667327978
x3,591,-1.6245877510849078
x3,592,1.3180519986488262
x3,593,-3.75149467572006
x3,594,1.69580796458327
x3,595,-1.527467850476365
x3,596,-0.4235617189000216
x3,597,0.38320419046420684
x3,598,-2.038928032184278
x3,599,0.6820159222040443
x3,600,0.08212530211181343
x3,601,-2.5027392566543814
x3,602,-0.6476518548436907
x3,603,0.09908782364466145
x3,604,-0.4153559004880707
x3,605,-0.5116322930945715
x3,606,4.051568525805801
x3,607,-1.4433970362401254
x3,608,-3.2339914741293003
x3,609,-0.41656465989167357
x3,610,-1.2114625524823117
x3,611,1.898158064091706
x3,612,-0.7676123722525986
x3,613,2.640967857861017
x3,614,-1.3205653690253985
x3,615,0.026127362794881433
x3,616,-1.3308562929567767
x3,617,0.16870309244955575
x3,618,-0.4861298549517868
x3,619,-0.525428526390637
x3,620,-2.239505305873015
x3,621,0.9330852521338454
x3,622,-2.5492511427435685
x3,623,0.5371662438436363
x3,624,0.9369263773808943
x3,625,-1.7345711240433979
x3,626,0.0770704895747124
x3,627,1.010724538114751
x3,628,0.49934737132329116
x3,629,3.214404040302071
x3,630,1.2498235265741744
x3,631,2.794125220874176
x3,632,1.0495910677419318
x3,633,2.2782461374364757
x3,634,-1.5305673857430555
x3,635,-2.728192575818127
x3,636,-1.0320164325595453
x3,637,1.4755686814881306
x3,638,-0.7985025973403839
x3,639,1.0369268541109824
x3,640,2.022947162649469
x3,641,-2.6018992533875345
x3,642,0.40911842192235937
x3,643,-0.7937461696315411
x3,644,1.0859533768602962
x3,645,0.8637563668849838
x3,646,-2.840262381201467
x3,647,-0.5791533782682448
x3,648,1.8111135185515406
x3,649,0.024584536082204792
x3,650,0.143772420384368
x3,651,-1.8185611019706849
x3,652,1.1899234269576262
x3,653,2.6429069723547185
x3,654,2.536327935558266
x3,655,5.71935616907107
x3,656,-1.3903737595229657
x3,657,-1.609163368887203
x3,658,-2.3116205014474676
x3,659,1.859986124411847
x3,660,-0.6183808303858525
x3,661,1.6516117381767412
x3,662,1.821291082906086
x3,663,1.6944929206430976
x3,664,-0.25985665259837504
x3,665,0.7787952276940031
x3,666,-0.1881685405454109
x3,667,-3.766862599511338
x3,668,2.964121151906711
x3,669,1.3225340386506614
x3,670,-1.7022424412153787
x3,671,2.753471113800156
x3,672,2.159886170027888
x3,673,-1.0653782892861745
x3,674,-2.970472775575502
x3,675,-1.522154765768713
x3,676,0.8198398850732447
x3,677,-0.05555807697057429
x3,678,2.9568208740812008
x3,679,-0.24142914780898878
x3,680,2.289989070158222
x3,681,0.4384663671324723
x3,682,1.4311874073138524
x3,683,2.466071414475802
x3,684,-0.6614320618341808
x3,685,-0.3914051802567503
x3,686,-0.4040958758400813
x3,687,-2.801204942825861
x3,688,-2.1020036928829215
x3,689,-0.3417625477859684
x3,690,-1.9365387011795545
x3,691,2.4138878137442186
x3,692,1.5254255092932767
x3,693,-2.2322452115953846
x3,694,0.4951621605286301
x3,695,0.06313898825691401
x3,696,-1.7860228587508402
x3,697,1.7574106670211291
x3,698,-1.4921601463459473
x3,699,0.15852243344028602
x3,700,2.5733777999190734
x3,701,0.25362997093537276
x3,702,-3.833793719220892
x3,703,-1.142039306075172
x3,704,-0.6537722578126819
x3,705,-1.3171436734213
x3,706,2.4584392136752746
x3,707,-1.1216723556114345
x3,708,-2.9258873045433624
x3,709,1.6090518023862275
x3,710,0.07865404427216306
x3,711,1.6605010221438181
x3,712,1.9769447024586977
x3,713,0.999849151131217
x3,714,-0.9368805918678713
x3,715,-0.8628184703815693
x3,716,0.7069162458889319
x3,717,-0.818348551108289
x3,718,-0.18795002755412052
x3,719,-2.759642802821975
x3,720,-0.2585777512754823
x3,721,-2.1380319041452256
x3,722,2.0058740648454596
x3,723,0.2637707813821723
x3,724,0.5293929356901744
x3,725,1.4357665856141308
x3,726,1.1721860625273524
x3,727,-2.8067043074351337
x3,728,-1.1572102720395137
x3,729,0.5111179637422884
x3,730,-1.1181933590206186
x3,731,-0.6477053084994813
x3,732,0.0378715589064923
x3,733,-2.6434172546900228
x3,734,-0.027764689014385852
x3,735,0.2978060288728813
x3,736,-1.198128375836368
x3,737,-0.6952852424853918
x3,738,2.0217126050586756
x3,739,-0.04821232002514759
x3,740,0.7618008210904389
x3,741,-1.051969175914593
x3,742,1.0331534672041305
x3,743,1.1160719469395286
x3,744,0.6289892549187829
x3,745,0.02518955640107899
x3,746,0.5790134237907735
x3,747,-2.5015524533826436
x3,748,-1.0303417363459912
x3,749,-0.27990427903072385
x3,750,-0.46069873582405757
x3,751,-3.3592015767540073
x3,752,-2.4961214509770846
x3,753,0.7813007999938332
x3,754,-0.2640005975873768
x3,755,-2.790541730077203
x3,756,-0.9781835432198078
x3,757,0.6452698916911483
x3,758,-0.4818220912478952
x3,759,1.9992709863556648
x3,760,-2.6786370404876556
x3,761,-1.3152115599678873
x3,762,0.5601512359853911
x3,763,-0.7108636653522495
x3,764,1.805971164187878
x3,765,-2.120943487631844
x3,766,-2.8259745531495457
x3,767,2.577426240578369
x3,768,1.6460255839105082
x3,769,-0.23770355574010574
x3,770,-2.8195720327476534
x3,771,1.8453158029592442
x3,772,-0.6942291681219178
x3,773,2.0447329158512613
x3,774,1.9871041064318242
x3,775,-2.0570778266138605
x3,776,1.920333720461447
x3,777,0.21317129803357976
x3,778,-5.125727937732489
x3,779,-2.341400991353886
x3,780,-0.10438689083187563
x3,781,-1.5046144750056971
x3,782,-0.4062185032566548
x3,783,0.5150988113050293
x3,784,0.07908871511097909
x3,785,1.4999362950278625
x3,786,0.7941488334113672
x3,787,5.008628024128166
x3,788,-0.736437834257992
x3,789,0.6608821066216367
x3,790,-0.05980991016628218
x3,791,-0.1933309231456869
x3,792,0.9785979610308736
x3,793,-0.26335284464420283
x3,794,3.64074658800215
x3,795,-0.6176834665776662
x3,796,-0.5232698293278325
x3,797,-0.8790055564124567
x3,798,-2.0020117123097383
x3,799,1.3443248594660766
x3,800,-1.5795161176514931
x3,801,1.767345210249478
x3,802,-1.0362357664300772
x3,803,-1.5523971534189833
x3,804,-1.2705927023149486
x3,805,1.0960445453132404
x3,806,0.9190805436330708
x3,807,0.3423253888866475
x3,808,-2.2624283751718197
x3,809,-1.1219999678209225
x3,810,-1.8378366524131051
x3,811,0.34600834455514506
x3,812,-0.7453882813965873
x3,813,-2.6334847427668704
x3,814,-0.877854009666885
x3,815,-1.511593581239758
x3,816,3.7060030864926476
x3,817,0.5658616695428466
x3,818,2.4361392361731036
x3,819,0.14596196980825682
x3,820,-1.1872451429194921
x3,821,-0.7796464255813759
x3,822,2.8188684279122036
x3,823,-4.718665100723321
x3,824,1.6274182933657002
x3,825,3.4558058198998305
x3,826,-2.355720423825128
x3,827,1.9013987170002788
x3,828,-1.1233132248167679
x3,829,1.3177303474372526
x3,830,-1.8779877488003334
x3,831,0.170439420794422
x3,832,-1.3907409676719096
x3,833,-0.5390061568224213
x3,834,-0.11245451483158485
x3,835,4.525952908512048
x3,836,-3.060931053323876
x3,837,1.4251759300894802
x3,838,0.0025502318644809686
x3,839,-2.210097264050417
x3,840,-0.817311859643395
x3,841,0.4512235859132654
x3,842,-1.2504529507290123
x3,843,0.29327107046655115
x3,844,4.140005880090616
x3,845,-0.20033885911849014
x3,846,0.7566726569184261
x3,847,1.0047603007720654
x3,848,1.972889158349
x3,849,-1.5911777790785242
x3,850,0.6784469918664313
x3,851,-0.10799411977258258
x3,852,-2.080501337571216
x3,853,3.6841189303902855
x3,854,1.8143339057573937
x3,855,2.6383974234733496
x3,856,1.5276283485345454
x3,857,-0.5156021844884413
x3,858,-2.3291264875053397
x3,859,-1.3956998157288683
x3,860,2.844557693840573
x3,861,2.393959467220636
x3,862,1.726507364042666
x3,863,-1.527953010824039
x3,864,1.7083678805957445
x3,865,-0.5828270461666244
x3,866,-1.1306993601718882
x3,867,-0.015255548442642068
x3,868,0.052810262048973225
x3,869,2.866237050639218
x3,870,1.8514463432994697
x3,871,2.0397071623910827
x3,872,-2.33724670407955
x3,873,-0.13268371275600221
x3,874,-1.0151067111377345
x3,875,-0.3575778857789671
x3,876,-1.7138420897981101
x3,877,-3.0408763273288852
x3,878,4.216759840537737
x3,879,-1.2921369157582039
x3,880,0.013872436577614297
x3,881,-0.7171404339294425
x3,882,-3.0293370742530032
x3,883,-1.5953741661458594
x3,884,-0.25609631801326216
x3,885,0.2282272468764706
x3,886,1.6964136001035368
x3,887,0.22965119602837672
x3,888,-2.0555549009554612
x3,889,1.3178472438226185
x3,890,-2.2768662250459513
x3,891,-0.2508944429264306
x3,892,3.346846034064402
x3,893,-0.6889599029289496
x3,894,-0.2894665249186886
x3,895,-2.282300240671523
x3,896,-0.44987115246387666
x3,897,0.28774751794972553
x3,898,-1.3683491786712627
x3,899,0.07547344163522998
x3,900,4.215818686100781
x3,901,-0.14906060628415638
x3,902,0.5706254841540283
x3,903,2.8732308320535327
x3,904,2.9407605225120337
x3,905,2.262328602722241
x3,906,0.8571976437986167
x3,907,-1.4846119076553972
x3,908,0.7983272938451323
x3,909,-3.2757775878548716
x3,910,0.4934305423915964
x3,911,-0.6399167882229273
x3,912,0.5689463195130396
x3,913,0.09190166677679497
x3,914,1.1178373419143575
x3,915,0.3982145484328278
x3,916,1.940607751014032
x3,917,3.1400914537910616
x3,918,-0.3959630076755519
x3,919,0.4795596124460723
x3,920,1.277941035606728
x3,921,1.6054133389095966
x3,922,-0.7491094714348527
x3,923,1.464035502116619
x3,924,0.1420745886683591
x3,925,2.5506661385367217
x3,926,1.154967023950887
x3,927,-0.03930952705220396
x3,928,-0.12937453663489132
x3,929,0.03963895610126342
x3,930,3.093763809095988
x3,931,-0.17663428578300863
x3,932,-0.13320584835885532
x3,933,-0.09000489075342068
x3,934,0.6685648413270068
x3,935,1.3100177883160886
x3,936,1.1576235280550102
x3,937,2.658926814190003
x3,938,0.912644268583076
x3,939,-0.9948740708811291
x3,940,-1.203427227165077
x3,941,2.0727431014832023
x3,942,-0.2454738223766205
x3,943,-1.916383717271503
x3,944,0.0046580828127334535
x3,945,-4.168510384441501
x3,946,2.4798419250737034
x3,947,-0.31733491343463605
x3,948,-3.479489289421605
x3,949,-2.1596574487501594
x3,950,-0.27609357816714775
x3,951,0.9384999276765021
x3,952,0.7052308059689727
x3,953,2.432573444446291
x3,954,2.904562632863908
x3,955,1.297807342488339
x3,956,-1.8013528555423666
x3,957,-1.859003056133095
x3,958,0.906776158018492
x3,959,-1.2204138061255072
x3,960,0.23116132619788923
x3,961,-0.25962708677912266
x3,962,0.14212871596934593
x3,963,1.6271678687580986
x3,964,-1.635768916207365
x3,965,-0.2442000560117618
x3,966,1.2507372530062892
x3,967,-1.5525981015072519
x3,968,0.5221740453465349
x3,969,-1.0702248234228067
x3,970,2.7630232016010683
x3,971,0.7881534029129513
x3,972,2.4572647567483576
x3,973,3.0525810141457606
x3,974,-0.3004242207692217
x3,975,0.17373105809260306
x3,976,0.905029109695632
x3,977,1.4900084631075132
x3,978,-0.22488816833015107
x3,979,2.802357995195129
x3,980,-3.7443562808050954
x3,981,-3.469494192694831
x3,982,-1.7026166207459568
x3,983,0.7741573057960537
x3,984,3.7145205441844538
x3,985,0.7468241894109329
x3,986,-3.057948075188834
x3,987,-0.831480644217895
x3,988,-0.2536057889738883
x3,989,-1.8158978554303344
x3,990,-0.4871729036117821
x3,991,-0.270703485072778
x3,992,0.5261630441775306
x3,993,0.6899515837399773
x3,994,-0.7616046796643859
x3,995,1.3646830884202676
x3,996,1.6890358552219558
x3,997,2.174201022821119
x3,998,-1.2636808355464664
x3,999,1.9902279998667651
dummy1,0,-0.018511421837039913
dummy1,1,-0.015348558924037407
dummy1,2,0.017651818249916972
dummy1,3,-0.012781397603594114
dummy1,4,0.0002128401836486989
dummy1,5,0.006066145589592934
dummy1,6,-0.003974198820271287
dummy1,7,-0.006755293137301985
dummy1,8,0.0006900564457495761
dummy1,9,-0.010161851933053655
dummy1,10,0.0029511018827518593
dummy1,11,-0.012794896504643317
dummy1,12,-0.008207177104202264
dummy1,13,-0.015977701353444753
dummy1,14,-0.015827347300324764
dummy1,15,0.010310909188856354
dummy1,16,0.0028964978771333773
dummy1,17,-0.01886212776336018
dummy1,18,-0.005324771689577044
dummy1,19,0.0009846517555825644
dummy1,20,-0.0009906009515768868
dummy1,21,-0.011722863199881355
dummy1,22,-0.01285264171936677
dummy1,23,-0.0017683480920436482
dummy1,24,-0.015010687223798702
dummy1,25,-0.0001846352005716416
dummy1,26,0.009929580803036261
dummy1,27,0.005140433796051455
dummy1,28,-0.0007602571036481858
dummy1,29,-0.006585108652655939
dummy1,30,0.007054034050348941
dummy1,31,-0.0010743971921371085
dummy1,32,0.003618824165593476
dummy1,33,0.006981088479169531
dummy1,34,-0.004152994452775952
dummy1,35,-0.0017287919516157317
dummy1,36,0.001311018470334202
dummy1,37,0.01323332546869579
dummy1,38,-0.0022355186378338657
dummy1,39,-0.008294607175487866
dummy1,40,0.012875575799101315
dummy1,41,-0.002570596601604085
dummy1,42,-1.4096867302806844e-05
dummy1,43,0.00516028284652319
dummy1,44,0.009725196948436272
dummy1,45,-0.002646074024758233
dummy1,46,-0.008877681478594949
dummy1,47,0.01600616601769549
dummy1,48,0.01899992081900209
dummy1,49,-0.0016708092099709452
dummy1,50,-0.01279009269492588
dummy1,51,0.01153548391144262
dummy1,52,-0.005805308153504796
dummy1,53,-0.00028409914969021883
dummy1,54,0.001541321503666864
dummy1,55,0.005899962706400666
dummy1,56,0.01356544414942929
dummy1,57,0.004237778647302867
dummy1,58,-0.002092971830158944
dummy1,59,0.015335787870712238
dummy1,60,-4.8917259894292616e-05
dummy1,61,0.004215852400857079
dummy1,62,0.018338251352744226
dummy1,63,0.00901627782724005
dummy1,64,0.010010892578389824
dummy1,65,-0.016714293651746214
dummy1,66,-1.7598397891552232e-05
dummy1,67,0.005417662787788179
dummy1,68,0.019565920792988283
dummy1,69,0.004658886501315671
dummy1,70,0.009546231659073475
dummy1,71,-0.013191013381191927
dummy1,72,0.010992849145410506
dummy1,73,0.0013504417902170775
dummy1,74,0.004602889831439795
dummy1,75,-0.001944072218632485
dummy1,76,-0.004498779268277759
dummy1,77,-0.013017381773036083
dummy1,78,0.0007544892627458101
dummy1,79,0.003935184665566888
dummy1,80,0.00931623439272716
dummy1,81,-0.005701251687199201
dummy1,82,-0.017920320781429015
dummy1,83,0.014633777751304153
dummy1,84,-0.006288089582082427
dummy1,85,0.005662669720051615
dummy1,86,-0.018027652384775692
dummy1,87,0.015111147251455263
dummy1,88,-0.0009914033871448425
dummy1,89,-0.0009445121990286704
dummy1,90,0.007369453795066298
dummy1,91,0.0042254244553482385
dummy1,92,0.007374661941265642
dummy1,93,0.006176443518579756
dummy1,94,-0.007896117559285529
dummy1,95,0.018590516314441943
dummy1,96,0.0017931606657980376
dummy1,97,-0.007133086094149497
dummy1,98,0.01632927829147877
dummy1,99,-0.02064863050880301
dummy1,100,-0.00016426515236806071
dummy1,101,0.005901144032368346
dummy1,102,0.010152763482856483
dummy1,103,-0.012692305309547148
dummy1,104,0.007379164101585832
dummy1,105,-0.018567442253450597
dummy1,106,0.010668077486221386
dummy1,107,-0.005659012617615557
dummy1,108,0.005330972842357243
dummy1,109,-0.013461223941422488
dummy1,110,0.0017394305716732466
dummy1,111,-0.008984334487672786
dummy1,112,0.0014269983582328395
dummy1,113,0.01278931523245031
dummy1,114,-0.011591196130255397
dummy1,115,-0.003265886470431671
dummy1,116,-0.0014870785268429314
dummy1,117,-0.009116228624455184
dummy1,118,-0.0048731103232935325
dummy1,119,-0.010390841686423503
dummy1,120,0.009777867587477208
dummy1,121,0.0012450804814976718
dummy1,122,-0.01017544607307704
dummy1,123,0.017084017481628307
dummy1,124,0.016975841755062143
dummy1,125,0.0015785373332211897
dummy1,126,-0.024393690257042234
dummy1,127,-0.001731074432862554
dummy1,128,0.004614046431777923
dummy1,129,0.020783954707773916
dummy1,130,0.013743619157590627
dummy1,131,-0.012655933026766923
dummy1,132,-0.000792914592724039
dummy1,133,-0.003353112370163561
dummy1,134,0.028073612321352994
dummy1,135,0.011814967555255653
dummy1,136,-0.005581835994140177
dummy1,137,0.008954622781301588
dummy1,138,-0.007519685380434086
dummy1,139,0.018577351079901945
dummy1,140,-0.000969335372551186
dummy1,141,-0.009263093614968585
dummy1,142,-0.0027209081663558815
dummy1,143,-0.006811064192727543
dummy1,144,-0.00515310164358031
dummy1,145,0.003769062071912251
dummy1,146,-0.0004026590775071756
dummy1,147,-0.008492970577350965
dummy1,148,-0.008795029708093493
dummy1,149,-0.006259564958174632
dummy1,150,0.002011176948685645
dummy1,151,-0.006889080476091016
dummy1,152,0.013571179247083353
dummy1,153,0.005903789954198252
dummy1,154,-0.0026558915094573045
dummy1,155,-0.010514856363143308
dummy1,156,-0.0028232377251085784
dummy1,157,0.0042068832116520846
dummy1,158,-0.0011214545291618817
dummy1,159,-0.0067498944947729875
dummy1,160,-0.005529638421502313
dummy1,161,0.00020696906729186012
dummy1,162,-0.01155386008214367
dummy1,163,-0.003792436806933903
dummy1,164,-0.00995305013028445
dummy1,165,0.007488075002631175
dummy1,166,-0.0073349267711704915
dummy1,167,-0.01134393561993819
dummy1,168,-0.01190268451707703
dummy1,169,-0.007541086826979822
dummy1,170,-0.01604743536454773
dummy1,171,-0.010290357262467978
dummy1,172,0.008210227196684784
dummy1,173,-0.0026984064393443517
dummy1,174,-0.009592176693666889
dummy1,175,-0.0036735824008282698
dummy1,176,-0.0005426646265776813
dummy1,177,0.012300686282805543
dummy1,178,0.010351433474627952
dummy1,179,0.0023240190499635317
dummy1,180,-0.014197363645794636
dummy1,181,-0.013331718249988647
dummy1,182,0.008645985995751952
dummy1,183,-0.000946489217765815
dummy1,184,-0.023714738892651133
dummy1,185,0.0019843694559229185
dummy1,186,-0.009785996994021585
dummy1,187,-0.006178037936105851
dummy1,188,0.009559405308858097
dummy1,189,-0.007843824537551605
dummy1,190,9.40609316882695e-05
dummy1,191,0.009145402877742645
dummy1,192,0.007651686679387588
dummy1,193,0.0055997231593115345
dummy1,194,-0.0128542674621952
dummy1,195,-0.013740935851417386
dummy1,196,-0.009509144655415335
dummy1,197,-0.003364058528773446
dummy1,198,-0.003549789928282464
dummy1,199,0.009694784850152278
dummy1,200,0.0007042553226007736
dummy1,201,-0.004768103881217857
dummy1,202,0.0015284944449433758
dummy1,203,-0.001351019408027183
dummy1,204,-0.0026659091528992303
dummy1,205,-0.006990970969949563
dummy1,206,0.006668216375024531
dummy1,207,0.009270374215164228
dummy1,208,0.015211382507963842
dummy1,209,-0.012886730060567285
dummy1,210,-0.018294903468734997
dummy1,211,0.026280611975181365
dummy1,212,0.007714328658427485
dummy1,213,0.0017971695138501017
dummy1,214,-0.004794865449182775
dummy1,215,-0.0013826088839083372
dummy1,216,0.01739102526713032
dummy1,217,0.005824776094863556
dummy1,218,0.011256719855146148
dummy1,219,-0.0012814113964437258
dummy1,220,0.0001830562067167601
dummy1,221,-0.0015574679453450408
dummy1,222,0.0002498340998943069
dummy1,223,-0.010390434761707831
dummy1,224,-0.00451577228137376
dummy1,225,-0.00562964049972874
dummy1,226,0.0009189490711894862
dummy1,227,0.002194175535085894
dummy1,228,-0.002072350549582126
dummy1,229,-0.003303080588243363
dummy1,230,6.659946209021085e-05
dummy1,231,-0.006345010698855402
dummy1,232,-0.0013043308839639845
dummy1,233,0.00010711692323553621
dummy1,234,-0.006131242076382545
dummy1,235,-0.0145193609195473
dummy1,236,-0.013960476312504824
dummy1,237,-0.008039786854842225
dummy1,238,-0.012941577453738853
dummy1,239,-0.006257852005344813
dummy1,240,-0.00697169278706132
dummy1,241,0.0048067749157717846
dummy1,242,0.008349289798031382
dummy1,243,-0.009330405167418097
dummy1,244,-0.01269534726082152
dummy1,245,0.02004415563312374
dummy1,246,0.00964985787418447
dummy1,247,-0.0004703423938346786
dummy1,248,0.006091077304545188
dummy1,249,-0.0027231081069676844
dummy1,250,0.006421476489643434
dummy1,251,-0.00985635628859625
dummy1,252,-0.007417857112209829
dummy1,253,0.01535636486033827
dummy1,254,-0.0024881215132106374
dummy1,255,-0.0071314054412797865
dummy1,256,-0.006313018537466712
dummy1,257,-0.004750819128235829
dummy1,258,-0.0059881390898743544
dummy1,259,0.021248879029894606
dummy1,260,0.012904074148840579
dummy1,261,-0.01155414771226673
dummy1,262,-0.0002509076184837117
dummy1,263,-0.00404781034299028
dummy1,264,0.016787239800435068
dummy1,265,0.0024221298025414156
dummy1,266,0.010633843698398857
dummy1,267,-0.0008656878034255417
dummy1,268,0.010289051837806594
dummy1,269,0.011704593508408113
dummy1,270,-0.014181090901114288
dummy1,271,0.00976371769166627
dummy1,272,0.019996251727274216
dummy1,273,0.007178092680462959
dummy1,274,0.006694258644490763
dummy1,275,0.0020546968735518753
dummy1,276,0.01271146688884926
dummy1,277,-0.004328235332054823
dummy1,278,0.008349169135299667
dummy1,279,0.010480674330123268
dummy1,280,0.0009745249133376755
dummy1,281,-0.016865354917756557
dummy1,282,0.021034549714871745
dummy1,283,-0.002349845346919509
dummy1,284,0.009083760941686336
dummy1,285,-0.0013976279677186919
dummy1,286,-0.00829590828766903
dummy1,287,0.012516245006548597
dummy1,288,-0.0007289173628649781
dummy1,289,-0.0043142668998937175
dummy1,290,-0.014667903630370415
dummy1,291,0.00620477561383244
dummy1,292,0.007600810060945494
dummy1,293,-0.0018574776870559217
dummy1,294,0.005666531167965477
dummy1,295,-0.008094479593649393
dummy1,296,-0.017454688178445702
dummy1,297,0.0048664419410571445
dummy1,298,-0.0021318752810972745
dummy1,299,-0.0040834452807429695
dummy1,300,-0.01248236029456731
dummy1,301,-0.0009169025872806082
dummy1,302,-0.0022777322385506196
dummy1,303,0.008207576114194343
dummy1,304,0.00015950704540352093
dummy1,305,-0.007854033511706987
dummy1,306,0.007649458801718582
dummy1,307,0.016323364913697482
dummy1,308,0.01914389580968957
dummy1,309,0.006375379830110014
dummy1,310,-0.022271377129458328
dummy1,311,0.017158321196241184
dummy1,312,0.0025897090235515096
dummy1,313,-0.0016481125749021521
dummy1,314,-0.014413427298055314
dummy1,315,-0.0009515486813559869
dummy1,316,-0.0014511463853986468
dummy1,317,0.008623377708542268
dummy1,318,0.004310362508072917
dummy1,319,-0.0021594782936276554
dummy1,320,0.016706695298069167
dummy1,321,-0.0002577666109300666
dummy1,322,-0.00044150644209562425
dummy1,323,0.004774078231377735
dummy1,324,-0.017929143293628394
dummy1,325,0.00368173127525645
dummy1,326,0.0037455582969676926
dummy1,327,-0.005422393365351989
dummy1,328,-0.007235610020740975
dummy1,329,-0.010526506312118617
dummy1,330,0.010079127743120114
dummy1,331,0.013772779467134837
dummy1,332,0.0036355319598470035
dummy1,333,0.012713432515894013
dummy1,334,-0.009949756915133707
dummy1,335,0.015484101980016261
dummy1,336,-0.0009080959662614307
dummy1,337,0.008697700950174168
dummy1,338,-0.007040339671835369
dummy1,339,-0.001163344596683737
dummy1,340,0.0032491448215356553
dummy1,341,0.004560881332256423
dummy1,342,-0.020380295996391802
dummy1,343,-0.014341042145520958
dummy1,344,-0.004237355298414795
dummy1,345,-0.010308663065757303
dummy1,346,-0.020302502709940794
dummy1,347,0.01209180621501448
dummy1,348,-0.01057321665959755
dummy1,349,0.004838798683484974
dummy1,350,-0.012377019767893195
dummy1,351,-0.011792022254653204
dummy1,352,0.0006020281505646537
dummy1,353,-0.011718019296387877
dummy1,354,0.0020492247480005483
dummy1,355,0.0024130622499215124
dummy1,356,-0.014381223243960873
dummy1,357,0.011037115362745771
dummy1,358,-0.002511584891156271
dummy1,359,-0.01421840461815944
dummy1,360,0.01175455746103545
dummy1,361,0.0020065105821659665
dummy1,362,-0.0018087038331084996
dummy1,363,0.0033311530824639423
dummy1,364,0.004844555925479948
dummy1,365,0.011465595944319904
dummy1,366,-0.0017409726483162196
dummy1,367,0.0011100711741547568
dummy1,368,0.0092649838748963
dummy1,369,-0.0026757834232236754
dummy1,370,0.01503639388973802
dummy1,371,0.013764069779114391
dummy1,372,0.007255777249992536
dummy1,373,0.000825208751188058
dummy1,374,-8.365383873994926e-05
dummy1,375,-0.002966328742934631
dummy1,376,0.004090404117446375
dummy1,377,-0.0014930359284253737
dummy1,378,0.005848116187914684
dummy1,379,0.00011188222536872617
dummy1,380,-0.002206978079583216
dummy1,381,-0.00027585346490188105
dummy1,382,0.008442975956031858
dummy1,383,-0.004146055149545216
dummy1,384,-0.0012392012936955253
dummy1,385,0.0038965948017921333
dummy1,386,-0.012276059924295205
dummy1,387,-0.00565181897264505
dummy1,388,0.01486339930550884
dummy1,389,0.01732798212429768
dummy1,390,0.0033959963476880026
dummy1,391,0.005991447951200744
dummy1,392,0.005444473627852614
dummy1,393,-0.00897645114467556
dummy1,394,-0.00021071022804208445
dummy1,395,0.0017494313066708756
dummy1,396,0.011598698049728245
dummy1,397,-0.004768637182386141
dummy1,398,-0.0006069179699310873
dummy1,399,0.00653564847032581
dummy1,400,0.0035213739317772256
dummy1,401,-0.00016186757551224864
dummy1,402,-0.013086419199543436
dummy1,403,-0.0006100341835683354
dummy1,404,-0.010439888353781419
dummy1,405,-0.010480709838862016
dummy1,406,0.008329563242008203
dummy1,407,0.001092624835947345
dummy1,408,0.011745541220974822
dummy1,409,-0.004388266957524734
dummy1,410,0.005430443650074187
dummy1,411,-0.0002136677441209523
dummy1,412,0.01728572202310076
dummy1,413,0.00022956199832171412
dummy1,414,0.009398582626367743
dummy1,415,0.015050266740986437
dummy1,416,-0.003222032784536518
dummy1,417,0.004265684791946157
dummy1,418,0.011123348202806733
dummy1,419,0.0031187315735304337
dummy1,420,-0.007884983433032422
dummy1,421,-0.0012648102297230976
dummy1,422,-0.00033361236537275994
dummy1,423,-0.01663084376923359
dummy1,424,-0.01943624115278453
dummy1,425,-0.017370353429305364
dummy1,426,0.0032599922948336572
dummy1,427,-0.001866807428483065
dummy1,428,-0.00917260284669842
dummy1,429,0.02702489221353418
dummy1,430,0.00671902889735339
dummy1,431,0.01066066180452877
dummy1,432,-0.0002407062894027963
dummy1,433,0.0025708926552544314
dummy1,434,0.004526582767091826
dummy1,435,0.0037970287161815416
dummy1,436,0.008400475302876746
dummy1,437,-0.018905176825544042
dummy1,438,0.014885727469838883
dummy1,439,0.008048450361712306
dummy1,440,0.010691098772875721
dummy1,441,-0.00454556661398201
dummy1,442,0.014922247309532248
dummy1,443,-0.004859733664902767
dummy1,444,-0.015076065137908237
dummy1,445,-0.012078766829272967
dummy1,446,0.001056971942617318
dummy1,447,-0.007040991380364627
dummy1,448,0.01242728173313019
dummy1,449,-0.01707847436964461
dummy1,450,-0.014328650489768304
dummy1,451,0.018050888378554304
dummy1,452,-0.0028147148021789472
dummy1,453,0.0074031709029137825
dummy1,454,-0.0002722708584617416
dummy1,455,-0.015722580718923688
dummy1,456,-0.0014563520381623005
dummy1,457,-0.011194490993926907
dummy1,458,0.00045545136755756837
dummy1,459,0.0010919587591438126
dummy1,460,-0.006737508484911647
dummy1,461,0.0010402204102970727
dummy1,462,-0.009699148156850065
dummy1,463,-0.018254769401437297
dummy1,464,-0.004022671542306617
dummy1,465,-0.004927425866253191
dummy1,466,-0.0016546415778809142
dummy1,467,-0.0037401151260751026
dummy1,468,-0.011662522166979956
dummy1,469,-0.0006750433275981699
dummy1,470,0.0063128514838968405
dummy1,471,-0.009122341565408731
dummy1,472,-0.00843245044275415
dummy1,473,0.01802190001295779
dummy1,474,-0.011041181509453065
dummy1,475,0.0013649954643846507
dummy1,476,0.0041953318643440565
dummy1,477,-0.010404062942345594
dummy1,478,0.005355134748344176
dummy1,479,-0.006449157572630033
dummy1,480,-0.002133357233016909
dummy1,481,-0.0056097944107463115
dummy1,482,0.009766517676503063
dummy1,483,-0.0011722701597722952
dummy1,484,0.0019277545738106867
dummy1,485,-0.002368447291195061
dummy1,486,-0.008030415186297431
dummy1,487,-0.010399968235394672
dummy1,488,0.005028464201675011
dummy1,489,-0.018998900761485905
dummy1,490,-0.011960914868381124
dummy1,491,0.008125339488970176
dummy1,492,-0.004476064233754453
dummy1,493,0.01163082016107898
dummy1,494,0.006181748134782227
dummy1,495,-0.002576153414525731
dummy1,496,0.00836908073840382
dummy1,497,-0.007663531567276966
dummy1,498,-0.00619458003803862
dummy1,499,0.007565082797418802
dummy1,500,0.003772805999598863
dummy1,501,-0.0004675222378182108
dummy1,502,0.010141714714202128
dummy1,503,0.0012817284057768479
dummy1,504,-0.012435695629477751
dummy1,505,0.009645728073007245
dummy1,506,0.007982502953762795
dummy1,507,-0.012435905415719097
dummy1,508,0.011321875592761802
dummy1,509,0.010426917052675604
dummy1,510,0.0035074052372369648
dummy1,511,0.00196555924812904
dummy1,512,0.01376129350839518
dummy1,513,-0.0031527244562732227
dummy1,514,0.00025798460242511907
dummy1,515,-0.013814208853514883
dummy1,516,0.0004055415258358088
dummy1,517,0.011257286716454705
dummy1,518,-0.006437958320081233
dummy1,519,-0.0005166630470622046
dummy1,520,0.0004428893642927709
dummy1,521,-0.00176600667807627
dummy1,522,-0.01832374298043842
dummy1,523,-0.016630431004805334
dummy1,524,0.00978207566010857
dummy1,525,-0.005832828755828414
dummy1,526,-0.002137555015310773
dummy1,527,-0.012878072808481831
dummy1,528,-0.012419561303494635
dummy1,529,-0.009503943240131665
dummy1,530,0.00025818423035507996
dummy1,531,0.005001660465648582
dummy1,532,-0.002563676938837135
dummy1,533,-0.01072088345565547
dummy1,534,-0.0013044259525197219
dummy1,535,-0.0038483460012154014
dummy1,536,0.001209362033484802
dummy1,537,0.012449205653297081
dummy1,538,0.021709286271805
dummy1,539,0.0045643102374199164
dummy1,540,-0.01290348363496161
dummy1,541,0.00450263733890755
dummy1,542,0.003309146226599859
dummy1,543,0.011950151069663422
dummy1,544,-0.0076578565675721275
dummy1,545,0.01586789382522704
dummy1,546,0.0020998214477884634
dummy1,547,-0.020432510589282284
dummy1,548,0.010909913412340011
dummy1,549,-0.024873574621635378
dummy1,550,0.0049017471493312875
dummy1,551,-0.0066381599944196745
dummy1,552,0.00026001938491804135
dummy1,553,-0.007761661013341412
dummy1,554,0.0004780438107493018
dummy1,555,0.0068153134967609596
dummy1,556,-0.004261586749980658
dummy1,557,0.0025377121206670125
dummy1,558,-0.0005884382978376798
dummy1,559,-0.004487239069338741
dummy1,560,0.0008064912638600458
dummy1,561,-0.011106494915967519
dummy1,562,-0.003514010769310709
dummy1,563,0.012056859328631995
dummy1,564,-0.007809199587838913
dummy1,565,0.0057069717564232555
dummy1,566,-0.0013619895602060158
dummy1,567,-0.010841681744105323
dummy1,568,0.015011360496946383
dummy1,569,0.0036278186287894486
dummy1,570,0.008441785680521851
dummy1,571,0.004709514735336996
dummy1,572,-0.0009263098173624624
dummy1,573,-0.008481758950525326
dummy1,574,0.004123444280155334
dummy1,575,0.00032793448665125136
dummy1,576,-0.008899802181385748
dummy1,577,0.005134825320931882
dummy1,578,0.0010998167718230627
dummy1,579,0.0016014953493942552
dummy1,580,-0.0012588777194072298
dummy1,581,0.0011172514696190562
dummy1,582,0.011739811047280653
dummy1,583,0.0009908613650759818
dummy1,584,0.0018038293292306573
dummy1,585,-0.0019055713426116463
dummy1,586,-0.015710463018972165
dummy1,587,0.02537099551595777
dummy1,588,-0.01845675211475617
dummy1,589,0.0145705099098391
dummy1,590,0.010020051633693667
dummy1,591,-0.009951758553184665
dummy1,592,-0.009425605898264374
dummy1,593,0.008948135649440137
dummy1,594,-0.0007321848415117085
dummy1,595,0.0016090955925054705
dummy1,596,0.0003620743564246589
dummy1,597,-0.022186039234466746
dummy1,598,0.0022045979788013086
dummy1,599,0.005109346949484653
dummy1,600,0.02002424795476944
dummy1,601,-0.013130435977038307
dummy1,602,0.007150311866826588
dummy1,603,-0.0008108655118298159
dummy1,604,0.0004987970368075115
dummy1,605,0.00812160331659725
dummy1,606,-0.0037909934092878925
dummy1,607,0.012382558141090258
dummy1,608,0.014345101710379492
dummy1,609,-0.0024611410244336916
dummy1,610,0.010526680304490454
dummy1,611,0.00036812472137166206
dummy1,612,-0.005748139657400605
dummy1,613,-0.011513589731921415
dummy1,614,-0.0005369548739638608
dummy1,615,-0.007967974973951849
dummy1,616,0.018882059179757986
dummy1,617,-0.011351973915053241
dummy1,618,-0.011210278900060868
dummy1,619,-0.0014023055175605413
dummy1,620,0.009913368697778977
dummy1,621,0.0024556055728079972
dummy1,622,-0.0037330538431189545
dummy1,623,0.012797218344083938
dummy1,624,-0.019117464447769968
dummy1,625,-0.003894628601049181
dummy1,626,0.0029873280742192475
dummy1,627,0.007037997768947231
dummy1,628,0.015875885572661744
dummy1,629,0.0030109948467558776
dummy1,630,-0.001957920634743149
dummy1,631,-0.0012351272334317326
dummy1,632,0.023789900189135887
dummy1,633,-0.005275764220808523
dummy1,634,-0.019176358739618392
dummy1,635,0.009653506218957147
dummy1,636,-0.002225408983376015
dummy1,637,0.003353338926612137
dummy1,638,-0.0027931299398764255
dummy1,639,0.013750819143819587
dummy1,640,-0.004766520737000349
dummy1,641,-0.00234606718049524
dummy1,642,0.007647767697267817
dummy1,643,0.007991214336670216
dummy1,644,-0.006440093936950978
dummy1,645,0.016367978861956074
dummy1,646,-0.006127030629253431
dummy1,647,0.006094923026132747
dummy1,648,0.002071807856761982
dummy1,649,-0.012802469613898523
dummy1,650,0.0055502015582379475
dummy1,651,-0.0011514589691070537
dummy1,652,-0.0024071315791210916
dummy1,653,0.010749220834810839
dummy1,654,-0.0039633441009622435
dummy1,655,-0.0024464291639274033
dummy1,656,-0.011321350824048133
dummy1,657,-0.0029855088197529235
dummy1,658,0.005522521518555705
dummy1,659,-0.013976547111204224
dummy1,660,0.002301546943411186
dummy1,661,-0.005907910178595112
dummy1,662,0.009475301238965348
dummy1,663,-0.009026192732146332
dummy1,664,-0.001976963382776228
dummy1,665,-0.014453345043920115
dummy1,666,0.016889390333786235
dummy1,667,-0.013043554859168258
dummy1,668,-0.010487929890671405
dummy1,669,-0.003850640406447365
dummy1,670,-0.0010544002499527604
dummy1,671,-0.003683481724911715
dummy1,672,-0.0019452123012455417
dummy1,673,-0.002036607519520224
dummy1,674,0.0021811027479734105
dummy1,675,-0.006867202701030101
dummy1,676,-0.006022874380228324
dummy1,677,-0.006287704502449965
dummy1,678,-0.0033969115725245675
dummy1,679,0.00770314856975194
dummy1,680,0.004466247493773387
dummy1,681,0.0038764714927721207
dummy1,682,0.010918051541250877
dummy1,683,0.013537760121853988
dummy1,684,-0.0014767244130954335
dummy1,685,0.01337204209449891
dummy1,686,-0.0007801579909829361
dummy1,687,-0.004489773005251615
dummy1,688,-0.01853871354491991
dummy1,689,0.014835123917440044
dummy1,690,0.0037372656143614073
dummy1,691,0.009786786947832663
dummy1,692,-0.006923118255390674
dummy1,693,-0.001983284121462087
dummy1,694,0.006433624427517616
dummy1,695,0.00904024685512394
dummy1,696,0.0026177978429082287
dummy1,697,0.016582042112820772
dummy1,698,0.024914357628016342
dummy1,699,0.018295844025177144
dummy1,700,-0.012805395500585388
dummy1,701,0.010637996804619292
dummy1,702,0.004636321815396501
dummy1,703,0.014850448039833045
dummy1,704,-0.008832105429646306
dummy1,705,0.0008718407692111458
dummy1,706,-0.00456694774368735
dummy1,707,-0.00900413653708468
dummy1,708,-0.0006864813076174384
dummy1,709,-0.001018552694106819
dummy1,710,0.006673001197879138
dummy1,711,-0.007090671806626548
dummy1,712,-0.0029726715486235247
dummy1,713,-0.00012463804862792248
dummy1,714,-0.006713714266311375
dummy1,715,-0.007964542075375674
dummy1,716,0.003485583835431149
dummy1,717,-0.010371819743330901
dummy1,718,-0.0037436754426805295
dummy1,719,0.01826076814715404
dummy1,720,-0.007531045388866724
dummy1,721,0.0031333607136548995
dummy1,722,-0.004953077557563292
dummy1,723,-0.007989305864035295
dummy1,724,-0.01093903026897272
dummy1,725,0.0023453168038535966
dummy1,726,0.0015957114545739727
dummy1,727,-0.020850532230390812
dummy1,728,0.013985783972858068
dummy1,729,0.006709527376223097
dummy1,730,0.00039434277849882216
dummy1,731,-0.006837553406540895
dummy1,732,-0.0008338599462520189
dummy1,733,0.010090193605303468
dummy1,734,0.015902412340580818
dummy1,735,-0.014307058263214621
dummy1,736,-0.0078079238470308955
dummy1,737,-0.004519794472131555
dummy1,738,-0.007844937413951824
dummy1,739,0.003274413663168222
dummy1,740,0.009334757721915542
dummy1,741,-0.008786144855215268
dummy1,742,0.022076022213329622
dummy1,743,-0.008861262884261817
dummy1,744,-0.006238785520677075
dummy1,745,-0.012891168061882516
dummy1,746,0.011756939907900004
dummy1,747,-0.004022353775229226
dummy1,748,-0.009228306202770731
dummy1,749,0.011285930588077711
dummy1,750,0.017760952543009138
dummy1,751,0.005273022799840036
dummy1,752,0.009633886374330675
dummy1,753,0.008970270140737927
dummy1,754,-0.009592478905090967
dummy1,755,0.006759894575960467
dummy1,756,-0.016516399765264252
dummy1,757,0.0028865446548573996
dummy1,758,-0.0016269046693292049
dummy1,759,-0.004647935300406718
dummy1,760,-0.017133075480514248
dummy1,761,0.003610535853280241
dummy1,762,-0.01644845262818076
dummy1,763,0.006619598407330149
dummy1,764,0.0017560384666214343
dummy1,765,0.0029004992168355833
dummy1,766,0.0037410917492725943
dummy1,767,0.006901696886787479
dummy1,768,0.007891143590953971
dummy1,769,-0.0010633334403782934
dummy1,770,-0.007268998535315139
dummy1,771,-0.0058207478778635295
dummy1,772,0.013773213523523672
dummy1,773,-0.01390653109935079
dummy1,774,0.003779478775240714
dummy1,775,-0.005992671482672101
dummy1,776,0.008119523279789525
dummy1,777,0.012051271338798155
dummy1,778,0.003712176587765282
dummy1,779,0.012365629249294406
dummy1,780,0.006002143918677955
dummy1,781,0.012063954940424863
dummy1,782,0.005313163142258332
dummy1,783,-0.013976248881552928
dummy1,784,-0.016146351151913017
dummy1,785,-0.0021585016378260057
dummy1,786,-0.005318444443322184
dummy1,787,0.016694562752061014
dummy1,788,0.009559783661511308
dummy1,789,-0.0008175443829944894
dummy1,790,-0.0077721589192119205
dummy1,791,0.015838220690791393
dummy1,792,0.007371837718262328
dummy1,793,0.004788487134481639
dummy1,794,-0.007036929543690626
dummy1,795,0.008610562897605107
dummy1,796,0.007890537829383669
dummy1,797,-0.0012436997961577394
dummy1,798,0.004927298119086654
dummy1,799,0.007525441979912861
dummy1,800,-0.010553722849614337
dummy1,801,-0.006719669571701081
dummy1,802,-0.0024643568450512074
dummy1,803,0.001668413730670498
dummy1,804,0.0022962961902643457
dummy1,805,-0.0026542842535425383
dummy1,806,0.01477675299991428
dummy1,807,-0.01450802014181302
dummy1,808,-0.007868546014695752
dummy1,809,0.015495298151712824
dummy1,810,0.00862944564831341
dummy1,811,-0.007851831724345289
dummy1,812,-0.01087775369567616
dummy1,813,-0.00750980725902452
dummy1,814,-0.004859973641902826
dummy1,815,0.0019988839220206104
dummy1,816,0.002653830120632812
dummy1,817,-0.022001020062897014
dummy1,818,0.004776906472433465
dummy1,819,0.003583445629055296
dummy1,820,0.018465733524666957
dummy1,821,0.010241536788984776
dummy1,822,0.013242392597949376
dummy1,823,0.01954842558269458
dummy1,824,-0.005106159706996885
dummy1,825,-0.0030098059179800955
dummy1,826,0.007919114515712197
dummy1,827,-0.0016152399445035954
dummy1,828,-0.0032411114945473944
dummy1,829,0.008324611911599559
dummy1,830,0.014939182156388623
dummy1,831,-0.013533570309445207
dummy1,832,0.01160244675322961
dummy1,833,-0.003073158930783713
dummy1,834,-0.004351295283435948
dummy1,835,0.015320073865855037
dummy1,836,0.013713308315125244
dummy1,837,0.01810322963533113
dummy1,838,0.005588633219113745
dummy1,839,-0.0017029742923726447
dummy1,840,-0.002503048170083339
dummy1,841,0.015063545963290818
dummy1,842,-0.006521620127499625
dummy1,843,0.008519725906882374
dummy1,844,0.0037830976196113713
dummy1,845,-0.006481248840576643
dummy1,846,-0.011400935627098747
dummy1,847,0.011842101410740031
dummy1,848,0.019127959604242562
dummy1,849,-0.002771485288705929
dummy1,850,-0.0012138856435455214
dummy1,851,0.016159037198793202
dummy1,852,0.011048176044893493
dummy1,853,0.008331735973279217
dummy1,854,0.002062074189477586
dummy1,855,-0.00037570238718992536
dummy1,856,-0.011675481086249986
dummy1,857,-0.0008837103509301159
dummy1,858,0.013957801509122679
dummy1,859,0.000658094443543898
dummy1,860,0.004430456277399301
dummy1,861,-0.009268532023700397
dummy1,862,-0.0005116877360795107
dummy1,863,0.012656657228749812
dummy1,864,-0.005005287295241154
dummy1,865,-0.00977306012974209
dummy1,866,0.006914040644529586
dummy1,867,0.005990585433639868
dummy1,868,-0.0009175335730005776
dummy1,869,0.009537978018822241
dummy1,870,-0.0024510651137206237
dummy1,871,-0.004715192219667156
dummy1,872,0.00043783486615719003
dummy1,873,-0.006110572499632594
dummy1,874,0.0024432499046541517
dummy1,875,0.006042285798555323
dummy1,876,0.008454393112268964
dummy1,877,-0.01002511191827894
dummy1,878,0.001762516939177761
dummy1,879,-0.019837566452671325
dummy1,880,0.0014833437957145583
dummy1,881,0.002382654169951478
dummy1,882,0.004489799474762978
dummy1,883,-0.016170132094097466
dummy1,884,-0.0007159331425184888
dummy1,885,0.007011187387376152
dummy1,886,0.014867658837783099
dummy1,887,-0.004159922703633552
dummy1,888,-0.008576717570510525
dummy1,889,-0.00537917360300201
dummy1,890,-0.003182602518591736
dummy1,891,0.013335226454294913
dummy1,892,0.016493437532770595
dummy1,893,0.012140898977703698
dummy1,894,-0.0007894932999293503
dummy1,895,-0.0006572173346447701
dummy1,896,0.00622784120211211
dummy1,897,0.008836008352189464
dummy1,898,0.00377942066561475
dummy1,899,0.0028495410283764645
dummy1,900,-0.01357877647352359
dummy1,901,-0.01979110732509859
dummy1,902,-0.005269476368537698
dummy1,903,-0.0031331810059451754
dummy1,904,-0.014275547097490411
dummy1,905,-0.012320626518422032
dummy1,906,-0.016476943050680464
dummy1,907,0.004430246624087795
dummy1,908,0.006857351573893774
dummy1,909,-0.01299942299293259
dummy1,910,0.009573972282622837
dummy1,911,-0.022014594787779188
dummy1,912,-0.00992344191927608
dummy1,913,-0.006147724553648215
dummy1,914,-0.00893002215243194
dummy1,915,0.0007527608146721893
dummy1,916,-0.015170456159167714
dummy1,917,0.0014692101986423828
dummy1,918,0.011923345637040226
dummy1,919,-0.005655702702081071
dummy1,920,-0.013055197221658368
dummy1,921,-0.007996511097526339
dummy1,922,0.00443239467767533
dummy1,923,-0.0008457797170626683
dummy1,924,0.012504206954677237
dummy1,925,0.005287235350046129
dummy1,926,-0.015268179359979206
dummy1,927,0.004975040511558168
dummy1,928,-0.01036638220615355
dummy1,929,-0.01980136335107162
dummy1,930,0.004489589580432071
dummy1,931,0.01991791947778715
dummy1,932,-0.0036430390225805852
dummy1,933,-0.0093619104796347
dummy1,934,-0.0005245385757085309
dummy1,935,-0.003247350503474982
dummy1,936,0.003329794384593329
dummy1,937,-0.004926973471845105
dummy1,938,0.0015817488968431883
dummy1,939,0.0151121359563733
dummy1,940,-0.021011714420661767
dummy1,941,-0.012001315925204327
dummy1,942,-0.004446253939683031
dummy1,943,-0.004296324595262693
dummy1,944,-0.007957747778605542
dummy1,945,-0.009914394206410236
dummy1,946,-0.002895140137521381
dummy1,947,-0.01035848946712093
dummy1,948,0.006792799381158644
dummy1,949,0.002547016502724718
dummy1,950,-0.015517607915442527
dummy1,951,0.005111993412620697
dummy1,952,0.01344333135357603
dummy1,953,0.003244884449240445
dummy1,954,-0.015711161225259767
dummy1,955,-0.003396380536469937
dummy1,956,-0.013148673038790418
dummy1,957,0.0073714531336613485
dummy1,958,0.004886017308414658
dummy1,959,-0.002745436787688515
dummy1,960,0.004824199600133561
dummy1,961,-0.001260764389574672
dummy1,962,0.008211605808479162
dummy1,963,-0.008717980209243208
dummy1,964,0.0012657676607412372
dummy1,965,0.012167927309559505
dummy1,966,-0.0019456317576013237
dummy1,967,0.004829982357972354
dummy1,968,-0.02260382750541217
dummy1,969,-0.0015532435504891423
dummy1,970,-0.011757206497620586
dummy1,971,-0.002488932308122558
dummy1,972,-0.014221441093301848
dummy1,973,-0.008088217339982969
dummy1,974,0.0033511352710933304
dummy1,975,0.014066995477009332
dummy1,976,-0.015249535832873086
dummy1,977,-0.008192131783575363
dummy1,978,-0.012291594132394707
dummy1,979,0.01791251955573205
dummy1,980,-0.010408782612318994
dummy1,981,-0.0012871795202040613
dummy1,982,0.009111754965565162
dummy1,983,-0.010747096729940949
dummy1,984,-0.009391310814351995
dummy1,985,-0.0016826973313343438
dummy1,986,-0.008766340971077254
dummy1,987,0.002020930418183635
dummy1,988,0.009910120461695851
dummy1,989,-0.0055135521722711875
dummy1,990,0.007608853102992009
dummy1,991,-0.008550944775885555
dummy1,992,-0.01836657197667316
dummy1,993,0.0007433942058809986
dummy1,994,-0.0034781853038776517
dummy1,995,0.007579089451999875
dummy1,996,-0.0055994074093990796
dummy1,997,-0.0018957077697206628
dummy1,998,-0.01252486918047736
dummy1,999,-0.011987733092683145
dummy2,0,0.020620136842811776
dummy2,1,-0.001358751357713223
dummy2,2,0.00465533251158107
dummy2,3,0.014028508636765816
dummy2,4,-0.008151403834321854
dummy2,5,0.002357751893461922
dummy2,6,0.000725214299184243
dummy2,7,-0.0001358073103606569
dummy2,8,0.010199880452885396
dummy2,9,0.006136181396886077
dummy2,10,-0.0032589697440363967
dummy2,11,0.00517669523102049
dummy2,12,-0.009256175886550939
dummy2,13,0.01348308416778636
dummy2,14,-0.0013915746124336817
dummy2,15,-0.010724716751510217
dummy2,16,0.0002049076380600583
dummy2,17,0.013705038327404532
dummy2,18,0.008888986621713325
dummy2,19,-0.0005104253834444867
dummy2,20,-0.022776034447410685
dummy2,21,-0.004698458654115312
dummy2,22,0.0025963985048591464
dummy2,23,0.0015288794639976599
dummy2,24,0.0220678685917468
dummy2,25,-0.020164875839332522
dummy2,26,-0.0009892795452802906
dummy2,27,0.012006884958519627
dummy2,28,-0.027582588603717005
dummy2,29,-0.00882093220101718
dummy2,30,-0.004024641944640551
dummy2,31,-0.016488227364328315
dummy2,32,-0.011900078183342778
dummy2,33,-0.004930301737960489
dummy2,34,-0.010343365385885052
dummy2,35,-0.014555866627278077
dummy2,36,0.023341579516836585
dummy2,37,0.004275983611908403
dummy2,38,-0.0050749856972543495
dummy2,39,-0.022092291121063062
dummy2,40,0.004823156745735674
dummy2,41,-0.0030637163454714407
dummy2,42,-0.010898885138434128
dummy2,43,-0.013160388118904532
dummy2,44,-0.020855444762075646
dummy2,45,0.00025189593872242973
dummy2,46,0.0031251359589358494
dummy2,47,-0.009672272267184628
dummy2,48,0.017172130197774554
dummy2,49,-0.004408032927481014
dummy2,50,-0.011599102110456385
dummy2,51,0.02325579236630236
dummy2,52,0.014874093665485031
dummy2,53,0.006070404510777025
dummy2,54,0.00936947521939472
dummy2,55,0.01176267280508147
dummy2,56,-0.0027310111365092564
dummy2,57,0.007799098321835577
dummy2,58,-0.0023414405720863377
dummy2,59,-0.0006918919643334384
dummy2,60,0.028620274551799028
dummy2,61,0.005761859292038758
dummy2,62,-0.0006472105914315291
dummy2,63,0.020055208107522673
dummy2,64,0.0017580854876099897
dummy2,65,0.007119674164428983
dummy2,66,-0.0031380665215859083
dummy2,67,-0.015977261306462483
dummy2,68,-0.010868487489395211
dummy2,69,0.0008641126382819537
dummy2,70,-0.0029200278388281198
dummy2,71,0.002202277984794266
dummy2,72,0.009358333086075322
dummy2,73,0.002676063144922122
dummy2,74,-0.004707064887189267
dummy2,75,-0.005091885106313745
dummy2,76,-0.0010695382508757662
dummy2,77,0.015293689003207609
dummy2,78,-0.007446354764436067
dummy2,79,-0.0073565227366323045
dummy2,80,-0.002270140546158578
dummy2,81,-0.011168210837376957
dummy2,82,-0.007100993635279775
dummy2,83,0.0016287112526269874
dummy2,84,-0.011194641804399344
dummy2,85,0.005120810411882391
dummy2,86,-0.015225909895282526
dummy2,87,0.004311602157578178
dummy2,88,0.0010344929146678384
dummy2,89,0.0032268645246732778
dummy2,90,-0.0002994109288644197
dummy2,91,0.006296493432247839
dummy2,92,0.007059805597503975
dummy2,93,0.003869404199522109
dummy2,94,-0.010406922130750826
dummy2,95,-0.004305887410397716
dummy2,96,0.001991273746212607
dummy2,97,0.005088618478887693
dummy2,98,-0.002693916884789931
dummy2,99,-0.019150649514535472
dummy2,100,0.014530984931005872
dummy2,101,-0.010930718127164157
dummy2,102,0.00882255278008346
dummy2,103,0.010585266831510658
dummy2,104,-0.02399800550697021
dummy2,105,0.0002786716151268101
dummy2,106,-0.00208991996392437
dummy2,107,0.01125719670154534
dummy2,108,0.008968690228155805
dummy2,109,0.004139449864187866
dummy2,110,0.012705493865723064
dummy2,111,-0.014253799596357314
dummy2,112,0.009852384637867176
dummy2,113,0.017203849363844653
dummy2,114,-0.008016366372365722
dummy2,115,0.013718145045453696
dummy2,116,0.005201717438353039
dummy2,117,0.004559772989828909
dummy2,118,0.004169764837272777
dummy2,119,-0.007591868765854177
dummy2,120,0.005751413500800373
dummy2,121,-0.0121437929814226
dummy2,122,-0.00014832948669290985
dummy2,123,-0.02508688595798337
dummy2,124,0.008951474823629903
dummy2,125,-0.017636598320469713
dummy2,126,0.009312359639489483
dummy2,127,0.00248439191806706
dummy2,128,-0.018467923784984908
dummy2,129,-0.0013401166731821738
dummy2,130,3.795211302841413e-05
dummy2,131,0.026471074171595884
dummy2,132,0.015849482977535138
dummy2,133,0.0012977143120574523
dummy2,134,-0.013210519906946076
dummy2,135,0.014629361382909394
dummy2,136,0.0023517538308562434
dummy2,137,-0.006306015229148888
dummy2,138,0.0001176647265944551
dummy2,139,7.215129908860933e-05
dummy2,140,-0.012398803633208878
dummy2,141,-0.0022280991577520565
dummy2,142,0.0014341132311753155
dummy2,143,-0.015042678372337377
dummy2,144,-0.004162386842928006
dummy2,145,0.017902135150196164
dummy2,146,-0.0020565790743413046
dummy2,147,-0.004612237508986468
dummy2,148,0.011283622650233053
dummy2,149,0.009750513633166284
dummy2,150,-0.01063969484919866
dummy2,151,0.004788494695938024
dummy2,152,0.004382842656518399
dummy2,153,0.011528441163732353
dummy2,154,-0.004263138197714501
dummy2,155,0.007484946298240048
dummy2,156,0.003509098531139439
dummy2,157,-0.006333306680664252
dummy2,158,-0.009518654624733646
dummy2,159,-0.009109190071379263
dummy2,160,0.010018442502432364
dummy2,161,0.012482050533325113
dummy2,162,0.006157257882775584
dummy2,163,-0.011891839110310677
dummy2,164,-0.009839738904504108
dummy2,165,-0.006473365000016668
dummy2,166,0.0052205121807448445
dummy2,167,-0.0038139762777195906
dummy2,168,0.002810858388929542
dummy2,169,-0.013336472934339693
dummy2,170,0.0008129173868047829
dummy2,171,-0.00958042705295861
dummy2,172,-0.016103886999343325
dummy2,173,0.006210286144420749
dummy2,174,-0.005632636576065602
dummy2,175,-0.004133566831314929
dummy2,176,0.029460163479109878
dummy2,177,-0.022719845236616715
dummy2,178,0.012149813366679224
dummy2,179,-0.0017442853036145661
dummy2,180,-0.004847275982189761
dummy2,181,-0.013709862678678958
dummy2,182,-0.00757668249878172
dummy2,183,-0.005364362569165648
dummy2,184,0.0010083239716889838
dummy2,185,-0.01067636238453405
dummy2,186,0.004692565868593903
dummy2,187,-0.020942448403789834
dummy2,188,0.0013821128637490404
dummy2,189,-0.0015578432141772648
dummy2,190,0.006884192907947947
dummy2,191,0.01655896981011694
dummy2,192,0.005437315937977636
dummy2,193,-0.004208734527358413
dummy2,194,-0.0029114855096294867
dummy2,195,-0.0051007580829497655
dummy2,196,-0.005078394134589176
dummy2,197,0.016239861662826365
dummy2,198,-0.010194397228216408
dummy2,199,0.02804268591156496
dummy2,200,-0.0025132720195315005
dummy2,201,-0.007507372065555639
dummy2,202,-0.01173794098212767
dummy2,203,0.003611825193896829
dummy2,204,-0.015008774536059548
dummy2,205,0.0037261974352319235
dummy2,206,-0.0032062043089870376
dummy2,207,-0.02560461504682668
dummy2,208,-0.012703196586337678
dummy2,209,0.010944669245913823
dummy2,210,0.014218110440436381
dummy2,211,0.005027557333273681
dummy2,212,0.007478643441591122
dummy2,213,0.019826547761839262
dummy2,214,0.0033353604826727758
dummy2,215,0.002573287558126796
dummy2,216,0.010347447861940301
dummy2,217,0.017848955175292378
dummy2,218,0.003994380794345264
dummy2,219,0.025125292427821612
dummy2,220,-0.009841417075045999
dummy2,221,0.00024691955704468524
dummy2,222,0.006794395994895129
dummy2,223,0.0005682498220734869
dummy2,224,0.00381273434390866
dummy2,225,-0.0029853317724657614
dummy2,226,-0.018669265873454282
dummy2,227,-0.017905990122271228
dummy2,228,-0.0016449781427635495
dummy2,229,0.0008461077613535898
dummy2,230,0.0033564585689297966
dummy2,231,-0.010846966392833918
dummy2,232,0.016173698709806048
dummy2,233,-0.007217886770412035
dummy2,234,0.021335420276263218
dummy2,235,0.02544366083758242
dummy2,236,-0.0010277878406567873
dummy2,237,-0.0012382141259587138
dummy2,238,-0.02575806192360686
dummy2,239,0.005678983390652011
dummy2,240,-0.00913589999448629
dummy2,241,-0.024078925201872027
dummy2,242,0.029479657958443314
dummy2,243,-0.0006784173579275444
dummy2,244,-0.0027447796135791004
dummy2,245,-0.002758373785810621
dummy2,246,0.0020195439388191157
dummy2,247,-0.006184067116465738
dummy2,248,-0.016616161933863918
dummy2,249,0.01045665695756254
dummy2,250,-0.006415205455323635
dummy2,251,-0.009872203433684274
dummy2,252,0.018009116053346815
dummy2,253,-0.02610685991334316
dummy2,254,-0.01651065505460213
dummy2,255,0.007498228510624662
dummy2,256,-0.01893832838310295
dummy2,257,0.014352654386897456
dummy2,258,0.01581172588166738
dummy2,259,-0.00370549406939502
dummy2,260,0.002612909362107956
dummy2,261,-0.0025445730429973445
dummy2,262,-0.009129530627380082
dummy2,263,-0.0018114562454770145
dummy2,264,0.01774936043881473
dummy2,265,-0.019231673281993395
dummy2,266,0.011226371669494781
dummy2,267,0.022067176687478752
dummy2,268,-0.007864744271187663
dummy2,269,-0.015888560739098386
dummy2,270,0.0035206315599078325
dummy2,271,-0.012132226396438479
dummy2,272,-0.017539044967139306
dummy2,273,-0.0043567356230943865
dummy2,274,-0.006950520148840589
dummy2,275,-0.0010782845467114555
dummy2,276,-0.021690986046689422
dummy2,277,0.011117369552304416
dummy2,278,0.0011929229017607946
dummy2,279,0.0022170493977316337
dummy2,280,-0.013829050972536257
dummy2,281,-0.00012658818058441503
dummy2,282,-0.003338260871409695
dummy2,283,-0.018000680548169654
dummy2,284,0.006646088525407425
dummy2,285,-0.004419203395216383
dummy2,286,0.011321586719620667
dummy2,287,0.0006996627013729346
dummy2,288,-0.0029866713925839356
dummy2,289,-0.03191638460952351
dummy2,290,0.014570670921891559
dummy2,291,-0.019432651695319124
dummy2,292,-0.007698690450451811
dummy2,293,-0.002763324348720133
dummy2,294,-0.01180353168249871
dummy2,295,-0.005527333121446151
dummy2,296,0.003060779871988084
dummy2,297,-0.002992806322005085
dummy2,298,0.021941811571636997
dummy2,299,-0.0005338798711183647
dummy2,300,0.017654855909136923
dummy2,301,0.003990381697689253
dummy2,302,-0.008962004254259246
dummy2,303,-0.008716247887371041
dummy2,304,-0.013136913911822689
dummy2,305,0.015290066662292424
dummy2,306,0.0098898484479922
dummy2,307,-0.009590282225591051
dummy2,308,0.004207030294118366
dummy2,309,2.986455874835758e-07
dummy2,310,0.0005685075006677002
dummy2,311,0.012342989380006664
dummy2,312,0.0076574996516618424
dummy2,313,0.016765785016643393
dummy2,314,0.013844912106022038
dummy2,315,-0.004850688325983766
dummy2,316,0.011544758404987983
dummy2,317,-0.0015448482386130051
dummy2,318,0.019718723061102
dummy2,319,-0.0039449235000906845
dummy2,320,-0.010744245125548746
dummy2,321,0.01971839447390192
dummy2,322,9.321292601223228e-05
dummy2,323,-0.018601192044008463
dummy2,324,-0.0005945213850956438
dummy2,325,0.003810981349614623
dummy2,326,0.006550148024412707
dummy2,327,-0.009125554354543729
dummy2,328,-0.010680219346746067
dummy2,329,-0.007005200747681702
dummy2,330,0.015205345668180423
dummy2,331,0.009346708255479388
dummy2,332,0.019448065416075726
dummy2,333,0.0037273602331923624
dummy2,334,0.006320826339864533
dummy2,335,0.0016290202217117212
dummy2,336,-0.00857921200254755
dummy2,337,0.003190153172375116
dummy2,338,0.023030068305827402
dummy2,339,-0.013069363907109175
dummy2,340,0.005276714951479796
dummy2,341,0.002397152606972505
dummy2,342,0.0055645841165924215
dummy2,343,0.00971702970017242
dummy2,344,-0.0016670549526841562
dummy2,345,-0.0029305341236785225
dummy2,346,-0.0009493417045621867
dummy2,347,0.0006084922618842816
dummy2,348,-0.003860375385861328
dummy2,349,-0.002988989430167567
dummy2,350,0.017472932705541677
dummy2,351,0.007643088464127149
dummy2,352,-0.010684161214090803
dummy2,353,-0.0019369240239327729
dummy2,354,-0.010794780178177093
dummy2,355,0.006719579404823264
dummy2,356,-0.00486019466495866
dummy2,357,0.007634794836692074
dummy2,358,-0.020037879218988613
dummy2,359,-0.030000255544204317
dummy2,360,0.0004376741263740539
dummy2,361,-0.0022598043990793813
dummy2,362,0.0027691958825787595
dummy2,363,0.006892558681286864
dummy2,364,0.01781022965493578
dummy2,365,-0.0013957724444790378
dummy2,366,-0.018586215607169578
dummy2,367,0.005064306229027724
dummy2,368,0.026114564832167616
dummy2,369,-0.0055612799609963525
dummy2,370,-0.0032000259463444793
dummy2,371,0.005060617291492376
dummy2,372,-0.004036103617365709
dummy2,373,0.013379406801131498
dummy2,374,0.003987067631518337
dummy2,375,0.0012924473373055112
dummy2,376,-0.015762609549858024
dummy2,377,0.002603676073399588
dummy2,378,-9.835174918243474e-05
dummy2,379,-0.008102086468685602
dummy2,380,-0.007981983217595452
dummy2,381,0.0075251204877817305
dummy2,382,-0.008393764309128103
dummy2,383,-0.009177487844031213
dummy2,384,-0.0009622939162258011
dummy2,385,-0.022580164437092386
dummy2,386,0.01703706596733364
dummy2,387,0.014181810065625387
dummy2,388,-0.003021512940965932
dummy2,389,-0.013554591478600107
dummy2,390,-0.0122213758350297
dummy2,391,0.006273476002995832
dummy2,392,-0.006382885381662408
dummy2,393,-0.022054011869959093
dummy2,394,-0.000262322782149811
dummy2,395,-0.004753956349445535
dummy2,396,-0.022186129200122334
dummy2,397,-0.005964040370143574
dummy2,398,-0.007109300291493979
dummy2,399,-0.011300828440666483
dummy2,400,-0.005120945440957472
dummy2,401,-0.003206668175559897
dummy2,402,0.02713278420496272
dummy2,403,-0.006469578239566486
dummy2,404,0.00395103652573942
dummy2,405,0.020180707016178086
dummy2,406,0.003485123707371466
dummy2,407,0.011835538897580827
dummy2,408,-0.022801551260225743
dummy2,409,0.013149715762833412
dummy2,410,0.011507466498181781
dummy2,411,0.024332202811128988
dummy2,412,-0.014250428600066183
dummy2,413,-0.008310324984487832
dummy2,414,0.0044777740154721656
dummy2,415,0.014070327924633561
dummy2,416,0.031990164235924705
dummy2,417,0.006844796034467455
dummy2,418,0.003050125174004207
dummy2,419,0.005172111361701553
dummy2,420,0.01168525096462935
dummy2,421,0.014671139864304295
dummy2,422,-0.011501868535051304
dummy2,423,-0.013652810641920537
dummy2,424,0.007918276427876623
dummy2,425,0.01125575199553392
dummy2,426,0.015211774252488989
dummy2,427,-0.010164361691718632
dummy2,428,0.013493740402061308
dummy2,429,-0.00043198191354536334
dummy2,430,0.005482581039423717
dummy2,431,0.00035119500195923085
dummy2,432,-0.011994566417672225
dummy2,433,0.015520754709237583
dummy2,434,-0.01176144707917151
dummy2,435,-0.009955886000343866
dummy2,436,-0.0023650925541491563
dummy2,437,0.016499624958724465
dummy2,438,0.002649869660636793
dummy2,439,-0.00017869581814366163
dummy2,440,-0.006238450139511521
dummy2,441,0.0027007021508794293
dummy2,442,-0.0033519729203166887
dummy2,443,-0.005902121212975115
dummy2,444,-0.001997501942014975
dummy2,445,-0.001460816951992389
dummy2,446,-0.01551415163634715
dummy2,447,-0.009807303882805667
dummy2,448,0.012707878179326067
dummy2,449,-0.014565590634062719
dummy2,450,-0.02785335490490102
dummy2,451,0.005590215049462024
dummy2,452,0.003547405192103702
dummy2,453,0.00792987118619767
dummy2,454,0.001915363002902261
dummy2,455,-0.011466722640610232
dummy2,456,-0.007795436361767128
dummy2,457,-0.007567872469257728
dummy2,458,0.018026141451852908
dummy2,459,-0.0017196460235661352
dummy2,460,0.012597938133672224
dummy2,461,-0.0143219239464379
dummy2,462,0.0044594967005182175
dummy2,463,-0.005241053253305525
dummy2,464,0.005565974478895784
dummy2,465,0.015591199217356686
dummy2,466,-0.002271509596830719
dummy2,467,-0.002755551881846973
dummy2,468,-0.009468784843603816
dummy2,469,0.005686674739942024
dummy2,470,-0.007205108501224515
dummy2,471,-0.007972276143114526
dummy2,472,0.006250322146634899
dummy2,473,0.016311930185516445
dummy2,474,0.0008648347816448115
dummy2,475,-0.022925555675379027
dummy2,476,0.00959317922471159
dummy2,477,0.015599348902335594
dummy2,478,-0.0003472241556190755
dummy2,479,0.0005173885815316246
dummy2,480,0.004275883899463649
dummy2,481,0.001626064953229937
dummy2,482,0.0036841359220330006
dummy2,483,-0.001904726917336485
dummy2,484,-0.0062351251984523615
dummy2,485,-0.00919654566764907
dummy2,486,-0.0029133405776347564
dummy2,487,-0.01518240209983805
dummy2,488,0.010215841292592764
dummy2,489,0.0034163201393573794
dummy2,490,0.012012197729492104
dummy2,491,0.0010877480155744366
dummy2,492,-0.008003367068573004
dummy2,493,0.0048994502950233665
dummy2,494,0.02687547526189997
dummy2,495,-0.004331963993737044
dummy2,496,-0.013311772284844406
dummy2,497,-0.01414778996769963
dummy2,498,0.0017848588680582462
dummy2,499,-0.011145590769840648
dummy2,500,-0.00187041161227901
dummy2,501,-0.007111069560854047
dummy2,502,-0.015732030601667134
dummy2,503,-0.009279311801377343
dummy2,504,-0.0068878107511628085
dummy2,505,-0.011414859909955583
dummy2,506,-0.007779972695792525
dummy2,507,-0.003360233693762046
dummy2,508,-0.0063920739800550465
dummy2,509,-0.008804975255073774
dummy2,510,-0.016356119037295985
dummy2,511,0.0045538661729076745
dummy2,512,0.004304688872428786
dummy2,513,-0.008793470590474724
dummy2,514,-0.010050851585385467
dummy2,515,-0.005137709451119266
dummy2,516,0.0006127417491764147
dummy2,517,-0.00031466018431102995
dummy2,518,0.006092580758844424
dummy2,519,-0.014092987330058846
dummy2,520,0.006820207518305073
dummy2,521,0.0037641534560285145
dummy2,522,0.015351324851602479
dummy2,523,0.004601591392361355
dummy2,524,-0.013342791105837994
dummy2,525,-0.00510060236591925
dummy2,526,0.016317867585593532
dummy2,527,0.0037906380353422762
dummy2,528,-0.01524717351235997
dummy2,529,-0.021122282287416746
dummy2,530,0.011994118472486999
dummy2,531,0.011113764393192196
dummy2,532,-0.003746261944373342
dummy2,533,0.010656439298079598
dummy2,534,0.009797242372421173
dummy2,535,0.016849975166070848
dummy2,536,-0.008692260815821532
dummy2,537,-0.011263017745305068
dummy2,538,-0.005085386518731075
dummy2,539,-0.008052393324982242
dummy2,540,0.00188119072410782
dummy2,541,-0.012037470203562071
dummy2,542,-0.011103210857677091
dummy2,543,-0.0004493006702591622
dummy2,544,0.004871881670288087
dummy2,545,0.0156491486412481
dummy2,546,-0.017737142569901623
dummy2,547,-0.004664071052585108
dummy2,548,-0.015453151563949214
dummy2,549,0.006615589347969466
dummy2,550,0.004713245641981549
dummy2,551,-0.007522243798522545
dummy2,552,0.0031082967982271896
dummy2,553,0.01821534921332334
dummy2,554,0.01029641263379913
dummy2,555,-0.005009670114253501
dummy2,556,0.013396329102003475
dummy2,557,-0.008232852091847861
dummy2,558,-0.005175200151827479
dummy2,559,-0.007242376067921442
dummy2,560,-0.011628775068802156
dummy2,561,0.007288592668473829
dummy2,562,-0.016451999745502544
dummy2,563,-0.017700530030695303
dummy2,564,-0.01978458589793305
dummy2,565,-0.008619512434363702
dummy2,566,-0.0029852951701714757
dummy2,567,0.01457667376997553
dummy2,568,0.014389756384970004
dummy2,569,0.016016257811608488
dummy2,570,0.0039144129487202394
dummy2,571,-0.002882219202943428
dummy2,572,0.009800254488878054
dummy2,573,-0.00966148920541423
dummy2,574,-0.009369957926245731
dummy2,575,-0.019969175442826184
dummy2,576,-0.01664221112398541
dummy2,577,0.00988936204236213
dummy2,578,-0.010798349718368627
dummy2,579,-0.00731759912927339
dummy2,580,0.00466228413542949
dummy2,581,0.02032152121019656
dummy2,582,-0.0034465165277875803
dummy2,583,-0.00225859760643404
dummy2,584,-0.006985821740777292
dummy2,585,-0.0044022099369315695
dummy2,586,-0.009711441709583499
dummy2,587,0.002905394937718709
dummy2,588,-0.007291911463798369
dummy2,589,0.0015035913320208796
dummy2,590,-0.004860512803776419
dummy2,591,-0.00793456951249125
dummy2,592,-0.012628728643622337
dummy2,593,-0.0032365742488373703
dummy2,594,-0.011805313090260398
dummy2,595,0.006244440366302203
dummy2,596,0.019919038982647443
dummy2,597,0.0263477660880234
dummy2,598,-0.012849111801814852
dummy2,599,0.007272967056240496
dummy2,600,-0.016016489633836423
dummy2,601,-0.014267670148173501
dummy2,602,-0.009123075045503914
dummy2,603,0.003907362125307415
dummy2,604,0.0072155248118910414
dummy2,605,-0.009423649860323449
dummy2,606,0.012241093693364754
dummy2,607,-0.015027675204758612
dummy2,608,-0.007258631427938426
dummy2,609,0.018355649933277575
dummy2,610,0.006615560374895959
dummy2,611,-0.011255969457827612
dummy2,612,0.009553752743183843
dummy2,613,-0.0036861112032696266
dummy2,614,0.004177204587856927
dummy2,615,-0.007543797874099706
dummy2,616,0.006209248086713204
dummy2,617,-0.012693561375427126
dummy2,618,-0.004032486170190546
dummy2,619,-0.0013727728147249702
dummy2,620,-0.004105866748144336
dummy2,621,0.002788205512045619
dummy2,622,0.003124903575208947
dummy2,623,-0.005809482165720166
dummy2,624,0.006396902041298857
dummy2,625,-0.0007597020202906159
dummy2,626,-0.01754095931365682
dummy2,627,0.0027232027710066193
dummy2,628,-0.0034985126986260746
dummy2,629,0.010394045305687811
dummy2,630,-0.0074883365315863175
dummy2,631,0.009500717850125198
dummy2,632,-0.005993959056019447
dummy2,633,0.0026337416256520104
dummy2,634,0.0067323032776048
dummy2,635,-0.007822120396730794
dummy2,636,-0.0010681360545316658
dummy2,637,0.005757056293012895
dummy2,638,0.012306434612592529
dummy2,639,0.000972612176229468
dummy2,640,0.013589593627353423
dummy2,641,0.004642157716165004
dummy2,642,-0.010313652154935779
dummy2,643,0.01961120320215395
dummy2,644,0.022541827240222946
dummy2,645,-0.004428150563525224
dummy2,646,-0.0023935516447121056
dummy2,647,0.006578423676432393
dummy2,648,-0.005776111148027488
dummy2,649,0.005942218852724003
dummy2,650,-0.011187214495724827
dummy2,651,0.003144642572869552
dummy2,652,0.007645144718368387
dummy2,653,-0.011039846220566373
dummy2,654,-0.007196316684216232
dummy2,655,-0.005820856831786564
dummy2,656,-0.005299393914392529
dummy2,657,0.013963793793096865
dummy2,658,0.011745494566312987
dummy2,659,0.011149350963794661
dummy2,660,-0.009430729180227066
dummy2,661,0.009835327666998852
dummy2,662,0.021192864858505422
dummy2,663,-0.0027944977745493764
dummy2,664,0.0027551287066408785
dummy2,665,0.003211455849742615
dummy2,666,-0.004112918220506956
dummy2,667,0.00022487327035558677
dummy2,668,0.013164149382765066
dummy2,669,-0.01346373597581741
dummy2,670,-0.0014174425749784265
dummy2,671,-0.005927280742128265
dummy2,672,0.001781383432449124
dummy2,673,-0.0016628011521803775
dummy2,674,0.02135162514996695
dummy2,675,0.017466524770654253
dummy2,676,-0.0003249540356985198
dummy2,677,-0.006794493639988401
dummy2,678,0.005183648822342134
dummy2,679,0.014314648449387823
dummy2,680,0.0039037460161131044
dummy2,681,0.002339994205323414
dummy2,682,-0.01081628508364447
dummy2,683,0.013031664722053448
dummy2,684,0.0035387774652698312
dummy2,685,0.01350431035375084
dummy2,686,-0.005372750331292646
dummy2,687,-0.004920114900992293
dummy2,688,-0.0056359369493625844
dummy2,689,0.012684810471667368
dummy2,690,0.005125780696938625
dummy2,691,-0.01662423176218734
dummy2,692,0.004887877173765428
dummy2,693,-0.019473715996659525
dummy2,694,-0.016576895017316243
dummy2,695,0.005368166723461121
dummy2,696,-0.01243012828216033
dummy2,697,-0.009056591484905922
dummy2,698,0.005093399928763031
dummy2,699,0.013272381244631912
dummy2,700,0.007536985152080963
dummy2,701,-0.007404835386808954
dummy2,702,0.01139497609605036
dummy2,703,-0.013313327298244294
dummy2,704,-0.010543593024975859
dummy2,705,0.0033080095848547634
dummy2,706,-0.010932333010110122
dummy2,707,0.011900237578533502
dummy2,708,-0.00811424169636007
dummy2,709,0.0065741875512063475
dummy2,710,-0.004162242848183673
dummy2,711,-0.023570051746987414
dummy2,712,0.01012027224078788
dummy2,713,-0.002068815069714704
dummy2,714,-0.0020132054166397805
dummy2,715,0.005308949182862292
dummy2,716,0.009402748310652203
dummy2,717,0.01645132792836891
dummy2,718,-0.0004408879892356671
dummy2,719,-0.03077734223107364
dummy2,720,0.012561268588178518
dummy2,721,-0.010774038446962021
dummy2,722,-0.003480707178665212
dummy2,723,-0.008111397121293464
dummy2,724,-0.019819910100166184
dummy2,725,0.020767155696823348
dummy2,726,-0.0012749387910529803
dummy2,727,0.0026169044475176408
dummy2,728,0.00815936157282876
dummy2,729,-0.02085490094558148
dummy2,730,-0.009763826154551264
dummy2,731,0.007677545476004346
dummy2,732,0.006415256136733932
dummy2,733,0.015280469228340855
dummy2,734,-0.0035350159418613826
dummy2,735,0.0002619223025896818
dummy2,736,-0.003296313641802172
dummy2,737,-0.00321324630347543
dummy2,738,0.005207964973939033
dummy2,739,0.011420850864424936
dummy2,740,0.0012666249152141036
dummy2,741,-0.0010274370312597476
dummy2,742,-0.010032416932922467
dummy2,743,-0.002658483771813208
dummy2,744,0.007016162133173252
dummy2,745,-0.003616591112239495
dummy2,746,-0.0022860482610087287
dummy2,747,0.006561498536983889
dummy2,748,0.005472038488181823
dummy2,749,-0.007146490967504296
dummy2,750,-0.009428358550378406
dummy2,751,0.0007889609926577386
dummy2,752,-0.0015412950973222052
dummy2,753,-0.00925610743541248
dummy2,754,-0.007221361318953753
dummy2,755,-0.006420001666510613
dummy2,756,-0.00632272677117491
dummy2,757,-0.008616367714026948
dummy2,758,0.0066371477537669615
dummy2,759,0.015180698168283343
dummy2,760,-0.0062513012333977255
dummy2,761,-0.005843409613361361
dummy2,762,0.00935336926982933
dummy2,763,-0.021167075893247768
dummy2,764,-0.008962512861566855
dummy2,765,-0.006993011914361104
dummy2,766,0.011035563903932344
dummy2,767,0.017639510811840432
dummy2,768,-0.007079701005371914
dummy2,769,-0.0027942026681791496
dummy2,770,0.004892253172230251
dummy2,771,-0.013196886464836226
dummy2,772,-0.005306243837811899
dummy2,773,-0.002539369344111627
dummy2,774,-0.002568588257736301
dummy2,775,0.00947044769444371
dummy2,776,-0.012302936782651529
dummy2,777,-0.002209414459783124
dummy2,778,0.010010360518043502
dummy2,779,0.009358353846839907
dummy2,780,0.0052200422768703455
dummy2,781,0.002419838439533484
dummy2,782,0.003651160564955442
dummy2,783,0.0018881498338702565
dummy2,784,-0.005275997984880694
dummy2,785,0.004049003906412584
dummy2,786,-0.027639148040985096
dummy2,787,-0.010814731226289176
dummy2,788,0.010401316189201473
dummy2,789,0.005369079995180364
dummy2,790,0.004664075782037269
dummy2,791,-0.0028422806414370922
dummy2,792,0.0063512181887799965
dummy2,793,0.016499865379610058
dummy2,794,-0.0023727182189922443
dummy2,795,-0.01538105631962164
dummy2,796,0.00809968735859812
dummy2,797,0.0045150138671681455
dummy2,798,0.002885767356331503
dummy2,799,0.00162622606780565
dummy2,800,0.027462898685636256
dummy2,801,0.0022746352902477964
dummy2,802,0.01570586463340406
dummy2,803,-0.00410094211042584
dummy2,804,0.007002506779105728
dummy2,805,-0.013752837813615658
dummy2,806,-0.007206336854039891
dummy2,807,0.0023864004682170783
dummy2,808,0.021313510817632563
dummy2,809,0.004141683955707131
dummy2,810,-0.002397639696573726
dummy2,811,0.00905190842624988
dummy2,812,-0.009220739570961643
dummy2,813,-0.018891393400563568
dummy2,814,0.00043351109929721664
dummy2,815,-0.0028598238241683907
dummy2,816,0.0006417015741055039
dummy2,817,0.007817025314767361
dummy2,818,-0.019128293966261842
dummy2,819,-0.004043328982331464
dummy2,820,0.0002885420040604662
dummy2,821,-0.01939568330445502
dummy2,822,-0.015515350115800321
dummy2,823,0.0021334498203727592
dummy2,824,0.005087438319913496
dummy2,825,-0.008509341070885143
dummy2,826,0.004700125612381017
dummy2,827,0.012720434544169264
dummy2,828,-0.02464215510262525
dummy2,829,0.0028608782883102076
dummy2,830,-0.004155183040825977
dummy2,831,0.0068483196202892066
dummy2,832,-0.014056925149006609
dummy2,833,-0.004702623014619663
dummy2,834,-0.0014155526024576671
dummy2,835,0.007778155084112554
dummy2,836,-0.022931810333410376
dummy2,837,0.0016496532494536446
dummy2,838,0.0003847681231993627
dummy2,839,-0.009226817343926061
dummy2,840,-0.009779178680493309
dummy2,841,0.0008042340595919898
dummy2,842,0.008278230214477099
dummy2,843,-0.013352934092841873
dummy2,844,0.0035368200237814733
dummy2,845,-0.0004254884098354168
dummy2,846,-0.006778423903764506
dummy2,847,-0.02221103316384599
dummy2,848,-0.02089903210787369
dummy2,849,0.0047003406480212
dummy2,850,-0.010833894467373623
dummy2,851,-0.0065572072681423345
dummy2,852,0.001398227853624571
dummy2,853,-0.011978112078002756
dummy2,854,-0.0042350999357636115
dummy2,855,0.009039140373519322
dummy2,856,0.0050780553479914965
dummy2,857,0.014073454539111645
dummy2,858,0.006154996316797731
dummy2,859,0.0035134885727571255
dummy2,860,-0.012911780303366685
dummy2,861,-0.006880387086287405
dummy2,862,-0.008726814528895453
dummy2,863,-0.013608784768149052
dummy2,864,0.011184987470483344
dummy2,865,-0.013939269121362756
dummy2,866,-0.016293548516423076
dummy2,867,-0.004715562784681776
dummy2,868,-0.01633047333894549
dummy2,869,0.011000631945802397
dummy2,870,-0.0031702829063198984
dummy2,871,-0.008505324463609796
dummy2,872,0.008277702191946497
dummy2,873,0.0016403751536566231
dummy2,874,0.005390757195811803
dummy2,875,-0.006047421896092166
dummy2,876,0.011629035562378535
dummy2,877,0.005444351107460426
dummy2,878,0.002757640052161182
dummy2,879,-0.00223282679656462
dummy2,880,0.009498113571344226
dummy2,881,0.004102307123719244
dummy2,882,-0.001753808988133368
dummy2,883,0.0002798989008442702
dummy2,884,-0.0006176305508339776
dummy2,885,0.013621790748139411
dummy2,886,0.008104926656846133
dummy2,887,0.00810191802084816
dummy2,888,-0.003529880647859801
dummy2,889,-0.001501262155768209
dummy2,890,0.011496383690665295
dummy2,891,-0.005219334312771354
dummy2,892,-0.018579696768047382
dummy2,893,-0.016248554603518175
dummy2,894,0.016584301132334934
dummy2,895,-0.004161169560084549
dummy2,896,-0.02249663676890276
dummy2,897,0.009005892535090347
dummy2,898,-0.003869741563570603
dummy2,899,0.019155303187907292
dummy2,900,0.007649539390588602
dummy2,901,-0.0008099080393154705
dummy2,902,-0.02440870508293111
dummy2,903,0.013758166327260384
dummy2,904,-0.013466965103169031
dummy2,905,-0.005514313401454729
dummy2,906,0.002233283032810553
dummy2,907,0.002721023926789471
dummy2,908,0.004423257390013568
dummy2,909,0.011770670279834179
dummy2,910,0.006583179001171038
dummy2,911,0.006784200532128703
dummy2,912,-0.001493722955501239
dummy2,913,-0.017625746081776077
dummy2,914,0.00325502841759174
dummy2,915,-0.001555272899690845
dummy2,916,-0.007048875210441459
dummy2,917,0.019508278195500134
dummy2,918,-0.004231926923617359
dummy2,919,-0.004305195633095748
dummy2,920,0.008565067396562074
dummy2,921,-0.0026966090105760756
dummy2,922,-0.007001715509383585
dummy2,923,-0.013254314492296337
dummy2,924,-0.008507395837394557
dummy2,925,0.0072963524869302885
dummy2,926,0.01285551005279465
dummy2,927,-0.014880456226200893
dummy2,928,-0.006689234263369138
dummy2,929,0.013819952764459423
dummy2,930,-0.006596735906858117
dummy2,931,0.012403495063693008
dummy2,932,0.012518081621320582
dummy2,933,0.0012528663062571525
dummy2,934,-0.003973459515420987
dummy2,935,3.191746798066628e-05
dummy2,936,0.019561424166118568
dummy2,937,0.00816942060588055
dummy2,938,0.005106368005311887
dummy2,939,-0.0010962857276669146
dummy2,940,0.006082733073232277
dummy2,941,0.014022337871125624
dummy2,942,0.006676597467389268
dummy2,943,-0.004311298941111577
dummy2,944,-0.006908657129314229
dummy2,945,0.017394187768937034
dummy2,946,-0.017210076098532603
dummy2,947,0.0019420828103376248
dummy2,948,-0.0021974015356806213
dummy2,949,0.012228604748885048
dummy2,950,0.004133852271611659
dummy2,951,0.014405684600454901
dummy2,952,0.006925682224731856
dummy2,953,-0.0008313892636324062
dummy2,954,0.00924484528396208
dummy2,955,0.0021125779887797578
dummy2,956,0.009508148289164653
dummy2,957,0.014987282290352866
dummy2,958,0.0015253227110846048
dummy2,959,-0.009459565946991965
dummy2,960,0.013765202257391461
dummy2,961,-0.01055389210899337
dummy2,962,-0.0028300595502933974
dummy2,963,0.0008407484307567757
dummy2,964,0.001662043463709808
dummy2,965,0.008447970234285652
dummy2,966,-0.012902444068769696
dummy2,967,-0.0056167585469736195
dummy2,968,-0.014119259691017422
dummy2,969,0.0018974948727167051
dummy2,970,-0.002856758297659195
dummy2,971,-0.009502703798546487
dummy2,972,0.0022034735358699145
dummy2,973,-0.020680598597281982
dummy2,974,-0.007407813975641218
dummy2,975,-0.009037460969232273
dummy2,976,-0.009002352262777001
dummy2,977,-0.005487323291523559
dummy2,978,0.0012308603806572926
dummy2,979,-0.01794817307831698
dummy2,980,-0.010133530503013697
dummy2,981,0.005730869756678371
dummy2,982,-0.004642746390712093
dummy2,983,0.006871662070264204
dummy2,984,0.003452314619569025
dummy2,985,-7.179134588357978e-05
dummy2,986,0.013022137279282163
dummy2,987,0.008124573852486834
dummy2,988,-0.010763791449405908
dummy2,989,0.01951416406188767
dummy2,990,-0.032664155808565236
dummy2,991,-0.006724170891700609
dummy2,992,-0.005903054544123083
dummy2,993,-0.005271382418404824
dummy2,994,-0.0011630555298384635
dummy2,995,0.001943351510243693
dummy2,996,0.004340578526788739
dummy2,997,-0.011499095386567994
dummy2,998,-0.009354242881137963
dummy2,999,0.005595829521011417
